Game Date,Opponent,Score,SU,Line,ATS,Over/Under
10/29/2014,at Miami,95-107,L,+4.5,L,O 188
10/30/2014,at Orlando,105-98,W,-4.5,W,O 188
11/01/2014,vs. Milwaukee,108-97,W,-9,W,O 197
11/04/2014,at New York,98-83,W,-1,W,U 190.5
11/05/2014,vs. Indiana,96-94,W,-9.5,L,O 187.5
11/07/2014,at Toronto,84-103,L,+3.5,L,U 195.5
11/08/2014,at Indiana,97-90,W,-3,W,O 182.5
11/12/2014,vs. Detroit,107-103,W,-6,L,O 192
11/15/2014,vs. Orlando,98-93,W,-9,L,U 194
11/19/2014,vs. Dallas,102-105,L,+2.5,L,O 204
11/21/2014,vs. Cleveland,91-78,W,+1.5,W,U 204.5
11/22/2014,at Milwaukee,111-100,W,-3,W,O 193.5
11/25/2014,vs. Atlanta,102-106,L,-4,L,O 200.5
11/26/2014,at Cleveland,87-113,L,+7.5,L,U 201
11/29/2014,vs. New Orleans,83-80,W,-4,L,U 199
12/01/2014,vs. Miami,107-86,W,-4.5,W,O 190
12/03/2014,vs. LA Lakers,111-95,W,-8.5,W,U 208.5
12/05/2014,vs. Denver,119-89,W,-4.5,W,P 208
12/07/2014,at Boston,93-101,L,-3.5,L,U 203
12/08/2014,vs. Boston,133-132,W,-9,L,O 204.5
12/10/2014,at Orlando,91-89,W,-5,L,U 195
12/12/2014,vs. LA Clippers,104-96,W,+2.5,W,U 203.5
12/14/2014,vs. Utah,93-84,W,-11.5,L,U 193
12/16/2014,vs. Minnesota,109-95,W,-12,W,O 203
12/19/2014,at Miami,105-103,W,-6,L,O 189
12/21/2014,vs. Phoenix,92-104,L,-6,L,U 205.5
12/23/2014,vs. Chicago,,,,,
12/25/2014,at New York,,,,,
12/27/2014,vs. Boston,,,,,
12/29/2014,at Houston,,,,,
12/30/2014,at Dallas,,,,,
01/02/2015,at Oklahoma City,,,,,
01/03/2015,at San Antonio,,,,,
01/05/2015,at New Orleans,,,,,
01/07/2015,vs. New York,,,,,
01/09/2015,vs. Chicago,,,,,
01/11/2015,at Atlanta,,,,,
01/13/2015,vs. San Antonio,,,,,
01/14/2015,at Chicago,,,,,
01/16/2015,vs. Brooklyn,,,,,
01/17/2015,at Brooklyn,,,,,
01/19/2015,vs. Philadelphia,,,,,
01/21/2015,vs. Oklahoma City,,,,,
01/24/2015,at Portland,,,,,
01/25/2015,at Denver,,,,,
01/27/2015,at LA Lakers,,,,,
01/28/2015,at Phoenix,,,,,
01/31/2015,vs. Toronto,,,,,
02/02/2015,vs. Charlotte,,,,,
02/04/2015,at Atlanta,,,,,
02/05/2015,at Charlotte,,,,,
02/07/2015,vs. Brooklyn,,,,,
02/09/2015,vs. Orlando,,,,,
02/11/2015,at Toronto,,,,,
02/20/2015,vs. Cleveland,,,,,
02/22/2015,at Detroit,,,,,
02/24/2015,vs. Golden State,,,,,
02/25/2015,at Minnesota,,,,,
02/27/2015,at Philadelphia,,,,,
02/28/2015,vs. Detroit,,,,,
03/03/2015,at Chicago,,,,,
03/06/2015,vs. Miami,,,,,
03/07/2015,at Milwaukee,,,,,
03/09/2015,at Charlotte,,,,,
03/12/2015,vs. Memphis,,,,,
03/14/2015,vs. Sacramento,,,,,
03/16/2015,vs. Portland,,,,,
03/18/2015,at Utah,,,,,
03/20/2015,at LA Clippers,,,,,
03/22/2015,at Sacramento,,,,,
03/23/2015,at Golden State,,,,,
03/25/2015,vs. Indiana,,,,,
03/27/2015,vs. Charlotte,,,,,
03/29/2015,vs. Houston,,,,,
04/01/2015,vs. Philadelphia,,,,,
04/03/2015,vs. New York,,,,,
04/04/2015,at Memphis,,,,,
04/08/2015,at Philadelphia,,,,,
04/10/2015,at Brooklyn,,,,,
04/12/2015,vs. Atlanta,,,,,
04/14/2015,at Indiana,,,,,
04/15/2015,at Cleveland,,,,,
