Game Date,Opponent,Score,SU,Line,ATS,Over/Under
10/30/2014,vs. Oklahoma City,93-90,W,-13,L,U 204.5
10/31/2014,at LA Lakers,118-111,W,-12,L,O 210.5
11/02/2014,vs. Sacramento,92-98,L,-9,L,U 205
11/03/2014,vs. Utah,107-101,W,-8.5,L,O 204.5
11/05/2014,at Golden State,104-121,L,+5,L,O 210
11/08/2014,vs. Portland,106-102,W,-4.5,L,O 204.5
11/10/2014,vs. San Antonio,85-89,L,-2,L,U 203
11/15/2014,vs. Phoenix,120-107,W,-7,W,O 210.5
11/17/2014,vs. Chicago,89-105,L,-5.5,L,U 199
11/19/2014,at Orlando,114-90,W,-5,W,U 204.5
11/20/2014,at Miami,110-93,W,-4,W,O 198.5
11/23/2014,at Memphis,91-107,L,+2.5,L,P 198
11/24/2014,at Charlotte,113-92,W,-4,W,O 199
11/26/2014,at Detroit,104-98,W,-9,L,O 198.5
11/28/2014,at Houston,102-85,W,-4,W,U 201
11/29/2014,at Utah,112-96,W,-5,W,O 203.5
12/01/2014,vs. Minnesota,127-101,W,-14.5,W,O 216
12/03/2014,vs. Orlando,114-86,W,-14.5,W,U 201.5
12/06/2014,vs. New Orleans,120-100,W,-9,W,O 206
12/08/2014,vs. Phoenix,121-120,W,-7.5,L,O 215
12/10/2014,at Indiana,103-96,W,-6.5,W,U 199.5
12/12/2014,at Washington,96-104,L,-2.5,L,U 203.5
12/13/2014,at Milwaukee,106-111,L,-5.5,L,O 210
12/15/2014,vs. Detroit,113-91,W,-11.5,W,P 204
12/17/2014,vs. Indiana,102-100,W,-11,L,O 201
12/19/2014,at Denver,106-109,L,-3,L,U 215.5
12/20/2014,vs. Milwaukee,106-102,W,-10,L,U 210.5
12/22/2014,at San Antonio,118-125,L,-1.5,L,O 203
12/23/2014,at Atlanta,,,,,
12/25/2014,vs. Golden State,,,,,
12/27/2014,vs. Toronto,,,,,
12/29/2014,vs. Utah,,,,,
12/31/2014,vs. New York,,,,,
01/03/2015,vs. Philadelphia,,,,,
01/05/2015,vs. Atlanta,,,,,
01/07/2015,vs. LA Lakers,,,,,
01/10/2015,vs. Dallas,,,,,
01/11/2015,vs. Miami,,,,,
01/14/2015,at Portland,,,,,
01/16/2015,vs. Cleveland,,,,,
01/17/2015,at Sacramento,,,,,
01/19/2015,vs. Boston,,,,,
01/22/2015,vs. Brooklyn,,,,,
01/25/2015,at Phoenix,,,,,
01/26/2015,vs. Denver,,,,,
01/28/2015,at Utah,,,,,
01/30/2015,at New Orleans,,,,,
01/31/2015,at San Antonio,,,,,
02/02/2015,at Brooklyn,,,,,
02/05/2015,at Cleveland,,,,,
02/06/2015,at Toronto,,,,,
02/08/2015,at Oklahoma City,,,,,
02/09/2015,at Dallas,,,,,
02/11/2015,vs. Houston,,,,,
02/19/2015,vs. San Antonio,,,,,
02/21/2015,vs. Sacramento,,,,,
02/23/2015,vs. Memphis,,,,,
02/25/2015,at Houston,,,,,
02/27/2015,at Memphis,,,,,
03/01/2015,at Chicago,,,,,
03/02/2015,at Minnesota,,,,,
03/04/2015,vs. Portland,,,,,
03/08/2015,at Golden State,,,,,
03/09/2015,vs. Minnesota,,,,,
03/11/2015,at Oklahoma City,,,,,
03/13/2015,at Dallas,,,,,
03/15/2015,vs. Houston,,,,,
03/17/2015,vs. Charlotte,,,,,
03/18/2015,at Sacramento,,,,,
03/20/2015,vs. Washington,,,,,
03/22/2015,vs. New Orleans,,,,,
03/25/2015,at New York,,,,,
03/27/2015,at Philadelphia,,,,,
03/29/2015,at Boston,,,,,
03/31/2015,vs. Golden State,,,,,
04/01/2015,at Portland,,,,,
04/04/2015,at Denver,,,,,
04/05/2015,at LA Lakers,,,,,
04/07/2015,vs. LA Lakers,,,,,
04/11/2015,vs. Memphis,,,,,
04/13/2015,vs. Denver,,,,,
04/14/2015,at Phoenix,,,,,
