Game Date,Opponent,Score,SU,Line,ATS,Over/Under
10/29/2014,at Toronto,102-109,L,+4.5,L,O 200
11/01/2014,vs. Indiana,102-92,W,-11,L,O 193.5
11/05/2014,at San Antonio,92-94,L,+8.5,W,U 201.5
11/07/2014,at Charlotte,119-122,L,+1.5,L,O 194
11/08/2014,vs. New York,103-96,W,-6.5,W,O 195.5
11/10/2014,at New York,91-85,W,-1.5,W,U 197
11/12/2014,vs. Utah,100-97,W,-7,L,U 197.5
11/14/2014,vs. Miami,114-103,W,-5,W,O 193
11/15/2014,at Cleveland,94-127,L,+7,L,O 208.5
11/18/2014,vs. LA Lakers,109-114,L,-8.5,L,O 211.5
11/21/2014,vs. Detroit,99-89,W,-6,W,U 197.5
11/25/2014,at Washington,106-102,W,+4,W,O 200.5
11/26/2014,vs. Toronto,115-126,L,+3.5,L,O 204
11/28/2014,vs. New Orleans,100-91,W,-2.5,W,U 204.5
11/29/2014,vs. Charlotte,105-75,W,-7,W,U 196.5
12/02/2014,vs. Boston,109-105,W,-6.5,L,O 211
12/03/2014,at Miami,112-102,W,+4.5,W,O 199.5
12/05/2014,at Brooklyn,98-75,W,-1.5,W,U 201
12/07/2014,vs. Denver,96-84,W,-6,W,U 211
12/08/2014,at Indiana,108-92,W,+1,W,O 194
12/10/2014,vs. Philadelphia,95-79,W,-13,W,U 202
12/12/2014,vs. Orlando,87-81,W,-8.5,L,U 196
12/13/2014,at Orlando,99-100,L,-3,L,O 194.5
12/15/2014,vs. Chicago,93-86,W,-2.5,W,U 197
12/17/2014,at Cleveland,127-98,W,+7,W,O 200.5
12/20/2014,at Houston,104-97,W,+5,W,O 197.5
12/22/2014,at Dallas,105-102,W,+4.5,W,U 207.5
12/23/2014,vs. LA Clippers,,,,,
12/26/2014,vs. Milwaukee,,,,,
12/27/2014,at Milwaukee,,,,,
12/30/2014,vs. Cleveland,,,,,
01/02/2015,at Utah,,,,,
01/03/2015,at Portland,,,,,
01/05/2015,at LA Clippers,,,,,
01/07/2015,vs. Memphis,,,,,
01/09/2015,at Detroit,,,,,
01/11/2015,vs. Washington,,,,,
01/13/2015,at Philadelphia,,,,,
01/14/2015,at Boston,,,,,
01/16/2015,at Toronto,,,,,
01/17/2015,at Chicago,,,,,
01/19/2015,vs. Detroit,,,,,
01/21/2015,vs. Indiana,,,,,
01/23/2015,vs. Oklahoma City,,,,,
01/25/2015,vs. Minnesota,,,,,
01/28/2015,vs. Brooklyn,,,,,
01/30/2015,vs. Portland,,,,,
01/31/2015,vs. Philadelphia,,,,,
02/02/2015,at New Orleans,,,,,
02/04/2015,vs. Washington,,,,,
02/06/2015,vs. Golden State,,,,,
02/08/2015,at Memphis,,,,,
02/09/2015,at Minnesota,,,,,
02/11/2015,at Boston,,,,,
02/20/2015,vs. Toronto,,,,,
02/22/2015,at Milwaukee,,,,,
02/25/2015,vs. Dallas,,,,,
02/27/2015,vs. Orlando,,,,,
02/28/2015,at Miami,,,,,
03/03/2015,vs. Houston,,,,,
03/06/2015,vs. Cleveland,,,,,
03/07/2015,at Philadelphia,,,,,
03/09/2015,vs. Sacramento,,,,,
03/11/2015,at Denver,,,,,
03/13/2015,at Phoenix,,,,,
03/15/2015,at LA Lakers,,,,,
03/16/2015,at Sacramento,,,,,
03/18/2015,at Golden State,,,,,
03/20/2015,at Oklahoma City,,,,,
03/22/2015,vs. San Antonio,,,,,
03/25/2015,at Orlando,,,,,
03/27/2015,vs. Miami,,,,,
03/28/2015,at Charlotte,,,,,
03/30/2015,vs. Milwaukee,,,,,
03/31/2015,at Detroit,,,,,
04/04/2015,vs. Brooklyn,,,,,
04/07/2015,vs. Phoenix,,,,,
04/08/2015,at Brooklyn,,,,,
04/10/2015,vs. Charlotte,,,,,
04/12/2015,at Washington,,,,,
04/13/2015,vs. New York,,,,,
04/15/2015,at Chicago,,,,,
