Game Date,Opponent,Score,SU,Line,ATS,Over/Under
10/28/2014,at San Antonio,100-101,L,+3.5,W,U 202.5
10/30/2014,vs. Utah,120-102,W,-10.5,W,O 202
11/01/2014,at New Orleans,109-104,W,0,W,O 203.5
11/03/2014,vs. Boston,118-113,W,-9,L,O 208
11/06/2014,at Portland,87-108,L,+2,L,U 208
11/07/2014,at Utah,105-82,W,-2.5,W,U 206
11/09/2014,vs. Miami,96-105,L,-8,L,U 205.5
11/11/2014,vs. Sacramento,106-98,W,-8,P,U 205.5
11/13/2014,vs. Philadelphia,123-70,W,-14,W,U 210.5
11/15/2014,vs. Minnesota,131-117,W,-11.5,W,O 211
11/17/2014,at Charlotte,107-80,W,-4,W,U 199
11/19/2014,at Washington,105-102,W,-2.5,W,O 204
11/21/2014,vs. LA Lakers,140-106,W,-10.5,W,O 215.5
11/22/2014,at Houston,92-95,L,-4,L,U 205
11/24/2014,vs. Indiana,100-111,L,-14,L,O 197.5
11/26/2014,vs. New York,109-102,W,-14,L,O 201
11/28/2014,at Toronto,106-102,W,+3.5,W,U 210
11/29/2014,at Philadelphia,110-103,W,-12.5,L,O 203
12/02/2014,at Chicago,132-129,W,+1.5,W,O 203.5
12/03/2014,at Milwaukee,107-105,W,-4,L,O 206
12/05/2014,vs. Phoenix,106-118,L,-6,L,O 216
12/07/2014,vs. Milwaukee,125-102,W,-9,W,O 211
12/09/2014,at Memphis,105-114,L,+2.5,L,O 203.5
12/10/2014,vs. New Orleans,112-107,W,-7.5,L,O 209
12/13/2014,vs. Golden State,98-105,L,+1,L,U 215
12/16/2014,at New York,107-87,W,-8,W,U 203
12/17/2014,at Detroit,117-106,W,-7,W,O 205.5
12/20/2014,vs. San Antonio,99-93,W,-10.5,L,U 206
12/22/2014,vs. Atlanta,102-105,L,-4.5,L,U 207.5
12/23/2014,at Phoenix,,,,,
12/26/2014,vs. LA Lakers,,,,,
12/28/2014,vs. Oklahoma City,,,,,
12/30/2014,vs. Washington,,,,,
01/02/2015,at Boston,,,,,
01/04/2015,at Cleveland,,,,,
01/05/2015,at Brooklyn,,,,,
01/07/2015,vs. Detroit,,,,,
01/10/2015,at LA Clippers,,,,,
01/13/2015,at Sacramento,,,,,
01/14/2015,at Denver,,,,,
01/16/2015,vs. Denver,,,,,
01/19/2015,at Memphis,,,,,
01/21/2015,at Minnesota,,,,,
01/23/2015,vs. Chicago,,,,,
01/25/2015,at New Orleans,,,,,
01/27/2015,vs. Memphis,,,,,
01/28/2015,at Houston,,,,,
01/30/2015,at Miami,,,,,
01/31/2015,at Orlando,,,,,
02/02/2015,vs. Minnesota,,,,,
02/04/2015,at Golden State,,,,,
02/05/2015,at Sacramento,,,,,
02/07/2015,vs. Portland,,,,,
02/09/2015,vs. LA Clippers,,,,,
02/11/2015,vs. Utah,,,,,
02/19/2015,at Oklahoma City,,,,,
02/20/2015,vs. Houston,,,,,
02/22/2015,vs. Charlotte,,,,,
02/24/2015,vs. Toronto,,,,,
02/25/2015,at Atlanta,,,,,
02/28/2015,vs. Brooklyn,,,,,
03/02/2015,vs. New Orleans,,,,,
03/05/2015,at Portland,,,,,
03/06/2015,at Golden State,,,,,
03/08/2015,at LA Lakers,,,,,
03/10/2015,vs. Cleveland,,,,,
03/13/2015,vs. LA Clippers,,,,,
03/16/2015,vs. Oklahoma City,,,,,
03/18/2015,vs. Orlando,,,,,
03/20/2015,vs. Memphis,,,,,
03/22/2015,at Phoenix,,,,,
03/24/2015,vs. San Antonio,,,,,
03/27/2015,at San Antonio,,,,,
03/29/2015,at Indiana,,,,,
04/01/2015,at Oklahoma City,,,,,
04/02/2015,vs. Houston,,,,,
04/04/2015,vs. Golden State,,,,,
04/08/2015,vs. Phoenix,,,,,
04/10/2015,at Denver,,,,,
04/12/2015,at LA Lakers,,,,,
04/13/2015,at Utah,,,,,
04/15/2015,vs. Portland,,,,,
