Game Date,Opponent,Score,SU,Line,ATS,Over/Under
10/28/2014,at New Orleans,84-101,L,+9.5,L,U 190.5
10/30/2014,vs. Washington,98-105,L,+4.5,L,O 188
11/01/2014,vs. Toronto,95-108,L,+6,L,O 195
11/04/2014,at Chicago,90-98,L,+11,W,U 191.5
11/05/2014,at Philadelphia,91-89,W,-2.5,L,U 195.5
11/07/2014,vs. Minnesota,112-103,W,+4,W,O 204
11/09/2014,at Brooklyn,96-104,L,+9,W,O 198
11/11/2014,at Toronto,100-104,L,+10.5,W,O 198
11/12/2014,at New York,97-95,W,+6.5,W,P 192
11/14/2014,vs. Milwaukee,101-85,W,-2.5,W,U 195
11/15/2014,at Washington,93-98,L,+9,W,U 194
11/17/2014,at Detroit,107-93,W,+4.5,W,O 193
11/19/2014,vs. LA Clippers,90-114,L,+5,L,U 204.5
11/21/2014,at Charlotte,105-100,W,+3.5,W,O 191
11/22/2014,vs. Miami,92-99,L,+1.5,L,U 192
11/24/2014,at Cleveland,74-106,L,+10.5,L,U 200
11/26/2014,vs. Golden State,96-111,L,+8,L,O 203
11/28/2014,at Indiana,83-98,L,+5,L,U 191
11/30/2014,at Phoenix,93-90,W,+9,W,U 205.5
12/02/2014,at Golden State,97-98,L,+11.5,W,U 201.5
12/03/2014,at LA Clippers,86-114,L,+14.5,L,U 201.5
12/05/2014,at Utah,98-93,W,+5.5,W,U 191.5
12/06/2014,at Sacramento,105-96,W,+6,W,O 196
12/10/2014,vs. Washington,89-91,L,+5,W,U 195
12/12/2014,at Atlanta,81-87,L,+8.5,W,U 196
12/13/2014,vs. Atlanta,100-99,W,+3,W,O 194.5
12/15/2014,at Toronto,82-95,L,+7,L,U 197
12/17/2014,at Boston,92-109,L,+3.5,L,O 200
12/19/2014,vs. Utah,94-101,L,-4,L,O 193
12/21/2014,vs. Philadelphia,88-96,L,-9,L,U 193.5
12/23/2014,vs. Boston,,,,,
12/26/2014,vs. Cleveland,,,,,
12/27/2014,at Charlotte,,,,,
12/29/2014,at Miami,,,,,
12/30/2014,vs. Detroit,,,,,
01/02/2015,vs. Brooklyn,,,,,
01/03/2015,vs. Charlotte,,,,,
01/07/2015,at Denver,,,,,
01/09/2015,at LA Lakers,,,,,
01/10/2015,at Portland,,,,,
01/12/2015,at Chicago,,,,,
01/14/2015,vs. Houston,,,,,
01/16/2015,vs. Memphis,,,,,
01/18/2015,vs. Oklahoma City,,,,,
01/21/2015,at Detroit,,,,,
01/23/2015,at New York,,,,,
01/25/2015,vs. Indiana,,,,,
01/26/2015,at Memphis,,,,,
01/29/2015,vs. Milwaukee,,,,,
01/31/2015,vs. Dallas,,,,,
02/02/2015,at Oklahoma City,,,,,
02/04/2015,at San Antonio,,,,,
02/06/2015,vs. LA Lakers,,,,,
02/08/2015,vs. Chicago,,,,,
02/09/2015,at Washington,,,,,
02/11/2015,vs. New York,,,,,
02/20/2015,vs. New Orleans,,,,,
02/22/2015,vs. Philadelphia,,,,,
02/25/2015,vs. Miami,,,,,
02/27/2015,at Atlanta,,,,,
03/01/2015,vs. Charlotte,,,,,
03/04/2015,vs. Phoenix,,,,,
03/06/2015,vs. Sacramento,,,,,
03/08/2015,vs. Boston,,,,,
03/10/2015,at Indiana,,,,,
03/11/2015,at Milwaukee,,,,,
03/13/2015,at Boston,,,,,
03/15/2015,vs. Cleveland,,,,,
03/17/2015,at Houston,,,,,
03/18/2015,at Dallas,,,,,
03/20/2015,vs. Portland,,,,,
03/22/2015,vs. Denver,,,,,
03/25/2015,vs. Atlanta,,,,,
03/27/2015,vs. Detroit,,,,,
04/01/2015,vs. San Antonio,,,,,
04/03/2015,at Minnesota,,,,,
04/04/2015,at Milwaukee,,,,,
04/08/2015,vs. Chicago,,,,,
04/10/2015,vs. Toronto,,,,,
04/11/2015,vs. New York,,,,,
04/13/2015,at Miami,,,,,
04/15/2015,at Brooklyn,,,,,
