Game Date,Opponent,Score,SU,Line,ATS,Over/Under
10/29/2003,vs. Portland,99-92,W,+6,W,O 177.5
11/01/2003,at Dallas,102-127,L,-13,L,O 191
11/03/2003,vs. Minnesota,93-88,W,+3.5,W,O 174.5
11/05/2003,vs. Phoenix,91-80,W,+3,W,U 180.5
11/07/2003,at Golden State,89-95,L,+6.5,W,O 181
11/08/2003,vs. Memphis,96-89,W,-1.5,W,O 179.5
11/10/2003,at San Antonio,78-87,L,+10.5,W,U 178
11/12/2003,at New Orleans,89-96,L,+7,P,U 185.5
11/14/2003,at Minnesota,85-77,W,+7,W,U 177.5
11/15/2003,at Milwaukee,95-100,L,+6,W,O 190.5
11/17/2003,vs. Orlando,90-88,W,-4.5,L,U 186
11/19/2003,vs. Sacramento,110-118,L,+2.5,L,O 197.5
11/21/2003,vs. Milwaukee,99-90,W,-3.5,W,U 194
11/26/2003,vs. Houston,83-76,W,+3,W,U 172
11/28/2003,vs. Oklahoma City,98-81,W,-4,W,U 184
12/01/2003,vs. Brooklyn,91-84,W,+1,W,U 177.5
12/03/2003,at Houston,101-107,L,+8.5,W,O 172.5
12/05/2003,vs. LA Clippers,86-67,W,-7,W,U 189
12/07/2003,at LA Lakers,92-94,L,+11.5,W,U 195
12/08/2003,vs. Boston,80-102,L,-6.5,L,O 180
12/10/2003,vs. New York,95-73,W,-8,W,U 174
12/12/2003,vs. Sacramento,93-100,L,+3.5,L,U 197
12/14/2003,at Philadelphia,94-86,W,+1,W,O 173.5
12/16/2003,at Washington,87-91,L,-3,L,U 180
12/17/2003,at Brooklyn,74-87,L,+8,L,U 178.5
12/19/2003,at Boston,99-96,W,+4.5,W,P 195
12/21/2003,at Detroit,75-96,L,+6,L,O 169.5
12/22/2003,at Chicago,92-80,W,0,W,U 178
12/26/2003,vs. Toronto,97-94,W,-4.5,L,O 182
12/28/2003,at Sacramento,89-98,L,+10.5,W,U 196.5
12/29/2003,vs. Philadelphia,106-97,W,-6.5,W,O 172.5
01/02/2004,at Memphis,88-100,L,+5.5,L,O 186
01/03/2004,at Houston,63-84,L,+8,L,U 169.5
01/05/2004,vs. Dallas,108-94,W,+3.5,W,O 195
01/07/2004,vs. Memphis,,,,,
01/09/2004,at Denver,96-106,L,+6,L,O 188
01/10/2004,vs. Atlanta,92-71,W,-8.5,W,U 178
01/13/2004,vs. Golden State,97-80,W,-7,W,U 183
01/15/2004,vs. Miami,97-85,W,-7,W,O 173
01/17/2004,vs. Cleveland,96-102,L,-7,L,O 182.5
01/19/2004,at Golden State,85-101,L,+6.5,L,O 184.5
01/20/2004,vs. Denver,75-96,L,+2.5,L,U 187
01/23/2004,at LA Clippers,82-93,L,+8,L,U 186.5
01/24/2004,vs. LA Lakers,86-93,L,+1.5,L,O 178
01/26/2004,vs. LA Clippers,98-93,W,-5,P,O 186
01/28/2004,vs. Dallas,91-88,W,+4,W,U 194.5
01/30/2004,at Memphis,85-79,W,+7,W,U 182.5
01/31/2004,at San Antonio,81-85,L,+11.5,W,U 169.5
02/02/2004,vs. San Antonio,65-83,L,+4,L,U 167
02/04/2004,vs. Chicago,79-95,L,-8.5,L,U 181
02/06/2004,vs. Portland,73-87,L,-1.5,L,U 176.5
02/07/2004,at Phoenix,96-92,W,+5.5,W,O 180
02/10/2004,at Portland,86-81,W,+4,W,U 173
02/11/2004,vs. Minnesota,66-77,L,+4.5,L,U 177
02/17/2004,at Miami,85-97,L,+4.5,L,O 167.5
02/18/2004,at Orlando,77-90,L,+2,L,U 190
02/20/2004,at New York,92-78,W,+7.5,W,U 173.5
02/22/2004,at Indiana,80-94,L,+9,L,O 167
02/24/2004,vs. Oklahoma City,99-86,W,-3,W,O 180
02/25/2004,at Oklahoma City,93-92,W,+6.5,W,O 182
02/27/2004,at Sacramento,102-97,W,+8.5,W,O 188
03/01/2004,vs. Detroit,94-86,W,+2,W,O 169.5
03/05/2004,vs. Indiana,88-96,L,+2,L,O 170
03/06/2004,at Portland,70-91,L,+7,L,U 172.5
03/08/2004,vs. LA Lakers,88-83,W,+2,W,U 179
03/10/2004,vs. Golden State,91-77,W,-6.5,W,U 175
03/12/2004,at Phoenix,99-90,W,+3,W,O 181.5
03/14/2004,at Denver,75-102,L,+6,L,U 187
03/17/2004,at Toronto,81-85,L,+3.5,L,U 170
03/19/2004,at Cleveland,97-88,W,+5.5,W,O 183
03/20/2004,at Atlanta,87-81,W,-3.5,W,U 186.5
03/23/2004,vs. Washington,85-77,W,-10.5,L,U 182.5
03/24/2004,at Oklahoma City,77-84,L,+6.5,L,U 181.5
03/27/2004,vs. Denver,85-83,W,-6,L,U 180.5
03/28/2004,at LA Lakers,84-91,L,+14,W,U 184.5
03/31/2004,vs. New Orleans,89-76,W,-8.5,W,U 173
04/02/2004,vs. San Antonio,81-94,L,+5,L,O 168
04/04/2004,at LA Clippers,97-92,W,-4,W,O 180.5
04/05/2004,vs. Memphis,92-81,W,-2,W,U 180
04/08/2004,at Dallas,94-117,L,+9,L,O 199.5
04/10/2004,vs. Houston,82-69,W,-6,W,U 170.5
04/12/2004,at Minnesota,90-104,L,+9,L,O 169.5
04/14/2004,vs. Phoenix,84-89,L,-7.5,L,U 185
