Game Date,Opponent,Score,SU,Line,ATS,Over/Under
10/28/2014,vs. Houston,90-108,L,+7,L,U 207
10/29/2014,at Phoenix,99-119,L,+12,L,O 208.5
10/31/2014,vs. LA Clippers,111-118,L,+12,W,O 210.5
11/01/2014,at Golden State,104-127,L,+15,L,O 210
11/04/2014,vs. Phoenix,106-112,L,+6.5,W,O 211.5
11/09/2014,vs. Charlotte,107-92,W,+3,W,U 203
11/11/2014,at Memphis,102-107,L,+10,W,O 197.5
11/12/2014,at New Orleans,102-109,L,+10.5,W,O 209.5
11/14/2014,vs. San Antonio,80-93,L,+8.5,L,U 204.5
11/16/2014,vs. Golden State,115-136,L,+8,L,O 211
11/18/2014,at Atlanta,114-109,W,+8.5,W,O 211.5
11/19/2014,at Houston,98-92,W,+11.5,W,U 208.5
11/21/2014,at Dallas,106-140,L,+10.5,L,O 215.5
11/23/2014,vs. Denver,94-101,L,+1.5,L,U 221
11/26/2014,vs. Memphis,93-99,L,+6.5,W,U 202.5
11/28/2014,vs. Minnesota,119-120,L,-5.5,L,O 213
11/30/2014,vs. Toronto,129-122,W,+7,W,O 209.5
12/02/2014,at Detroit,106-96,W,+2,W,U 205.5
12/03/2014,at Washington,95-111,L,+8.5,L,U 208.5
12/05/2014,at Boston,96-113,L,+3,L,U 218.5
12/07/2014,vs. New Orleans,87-104,L,+2.5,L,U 207
12/09/2014,vs. Sacramento,98-95,W,-3.5,L,U 207.5
12/12/2014,at San Antonio,112-110,W,+12.5,W,O 207
12/14/2014,at Minnesota,100-94,W,-4,W,U 212.5
12/15/2014,at Indiana,91-110,L,+5,L,O 198
12/19/2014,vs. Oklahoma City,103-104,L,+5.5,W,O 204.5
12/21/2014,at Sacramento,101-108,L,+7.5,W,O 206.5
12/23/2014,vs. Golden State,,,,,
12/25/2014,at Chicago,,,,,
12/26/2014,at Dallas,,,,,
12/28/2014,vs. Phoenix,,,,,
12/30/2014,at Denver,,,,,
01/02/2015,vs. Memphis,,,,,
01/04/2015,vs. Indiana,,,,,
01/05/2015,at Portland,,,,,
01/07/2015,at LA Clippers,,,,,
01/09/2015,vs. Orlando,,,,,
01/11/2015,vs. Portland,,,,,
01/13/2015,vs. Miami,,,,,
01/15/2015,vs. Cleveland,,,,,
01/16/2015,at Utah,,,,,
01/19/2015,at Phoenix,,,,,
01/21/2015,at New Orleans,,,,,
01/23/2015,at San Antonio,,,,,
01/25/2015,vs. Houston,,,,,
01/27/2015,vs. Washington,,,,,
01/29/2015,vs. Chicago,,,,,
02/01/2015,at New York,,,,,
02/04/2015,at Milwaukee,,,,,
02/06/2015,at Orlando,,,,,
02/08/2015,at Cleveland,,,,,
02/10/2015,vs. Denver,,,,,
02/11/2015,at Portland,,,,,
02/20/2015,vs. Brooklyn,,,,,
02/22/2015,vs. Boston,,,,,
02/25/2015,at Utah,,,,,
02/27/2015,vs. Milwaukee,,,,,
03/01/2015,vs. Oklahoma City,,,,,
03/03/2015,at Charlotte,,,,,
03/04/2015,at Miami,,,,,
03/06/2015,at Memphis,,,,,
03/08/2015,vs. Dallas,,,,,
03/10/2015,vs. Detroit,,,,,
03/12/2015,vs. New York,,,,,
03/15/2015,vs. Atlanta,,,,,
03/16/2015,at Golden State,,,,,
03/19/2015,vs. Utah,,,,,
03/22/2015,vs. Philadelphia,,,,,
03/24/2015,at Oklahoma City,,,,,
03/25/2015,at Minnesota,,,,,
03/27/2015,at Toronto,,,,,
03/29/2015,at Brooklyn,,,,,
03/30/2015,at Philadelphia,,,,,
04/01/2015,vs. New Orleans,,,,,
04/03/2015,vs. Portland,,,,,
04/05/2015,vs. LA Clippers,,,,,
04/07/2015,at LA Clippers,,,,,
04/08/2015,at Denver,,,,,
04/10/2015,vs. Minnesota,,,,,
04/12/2015,vs. Dallas,,,,,
04/13/2015,at Sacramento,,,,,
04/15/2015,vs. Sacramento,,,,,
