Game Date,Opponent,Score,SU,Line,ATS,Over/Under
10/29/2014,at Indiana,91-103,L,+7.5,L,O 189.5
10/31/2014,at Milwaukee,81-93,L,+8.5,L,U 203
11/01/2014,vs. Miami,96-114,L,+8.5,L,O 196
11/03/2014,vs. Houston,93-104,L,+11,P,U 201.5
11/05/2014,vs. Orlando,89-91,L,+2.5,W,U 195.5
11/07/2014,vs. Chicago,115-118,L,+10,W,O 188.5
11/09/2014,at Toronto,88-120,L,+13.5,L,O 204.5
11/13/2014,at Dallas,70-123,L,+14,L,U 210.5
11/14/2014,at Houston,87-88,L,+16.5,W,U 204.5
11/17/2014,at San Antonio,75-100,L,+16.5,L,U 195.5
11/19/2014,vs. Boston,90-101,L,+6.5,L,U 213.5
11/21/2014,vs. Phoenix,96-122,L,+9,L,O 208.5
11/22/2014,at New York,83-91,L,+11,W,U 198.5
11/24/2014,vs. Portland,104-114,L,+13,W,O 198
11/26/2014,vs. Brooklyn,91-99,L,+7,L,U 199.5
11/29/2014,vs. Dallas,103-110,L,+12.5,W,O 203
12/01/2014,vs. San Antonio,103-109,L,+11,W,O 195.5
12/03/2014,at Minnesota,85-77,W,+7,W,U 212
12/05/2014,vs. Oklahoma City,91-103,L,+13.5,W,U 199
12/06/2014,at Detroit,108-101,W,+9.5,W,O 194
12/10/2014,at Atlanta,79-95,L,+13,L,U 202
12/12/2014,at Brooklyn,70-88,L,+7,L,U 194.5
12/13/2014,vs. Memphis,115-120,L,+10,W,O 191.5
12/15/2014,vs. Boston,87-105,L,+5,L,U 204.5
12/19/2014,vs. Charlotte,91-109,L,+4.5,L,O 192
12/21/2014,at Orlando,96-88,W,+9,W,U 193.5
12/23/2014,at Miami,,,,,
12/26/2014,at Portland,,,,,
12/27/2014,at Utah,,,,,
12/30/2014,at Golden State,,,,,
01/02/2015,at Phoenix,,,,,
01/03/2015,at LA Clippers,,,,,
01/05/2015,vs. Cleveland,,,,,
01/07/2015,vs. Milwaukee,,,,,
01/09/2015,at Brooklyn,,,,,
01/10/2015,vs. Indiana,,,,,
01/13/2015,vs. Atlanta,,,,,
01/14/2015,at Toronto,,,,,
01/16/2015,vs. New Orleans,,,,,
01/17/2015,at Detroit,,,,,
01/19/2015,at Washington,,,,,
01/21/2015,vs. New York,,,,,
01/23/2015,vs. Toronto,,,,,
01/24/2015,at Memphis,,,,,
01/26/2015,at New Orleans,,,,,
01/28/2015,vs. Detroit,,,,,
01/30/2015,vs. Minnesota,,,,,
01/31/2015,at Atlanta,,,,,
02/02/2015,at Cleveland,,,,,
02/03/2015,vs. Denver,,,,,
02/06/2015,at Boston,,,,,
02/07/2015,vs. Charlotte,,,,,
02/09/2015,vs. Golden State,,,,,
02/20/2015,vs. Indiana,,,,,
02/22/2015,at Orlando,,,,,
02/23/2015,at Miami,,,,,
02/25/2015,at Milwaukee,,,,,
02/27/2015,vs. Washington,,,,,
03/01/2015,at Indiana,,,,,
03/02/2015,vs. Toronto,,,,,
03/04/2015,at Oklahoma City,,,,,
03/06/2015,vs. Utah,,,,,
03/07/2015,vs. Atlanta,,,,,
03/11/2015,vs. Chicago,,,,,
03/13/2015,vs. Sacramento,,,,,
03/14/2015,vs. Brooklyn,,,,,
03/16/2015,at Boston,,,,,
03/18/2015,vs. Detroit,,,,,
03/20/2015,vs. New York,,,,,
03/22/2015,at LA Lakers,,,,,
03/24/2015,at Sacramento,,,,,
03/25/2015,at Denver,,,,,
03/27/2015,vs. LA Clippers,,,,,
03/29/2015,at Cleveland,,,,,
03/30/2015,vs. LA Lakers,,,,,
04/01/2015,at Washington,,,,,
04/04/2015,at Charlotte,,,,,
04/05/2015,at New York,,,,,
04/08/2015,vs. Washington,,,,,
04/11/2015,at Chicago,,,,,
04/13/2015,vs. Milwaukee,,,,,
04/15/2015,vs. Miami,,,,,
