Game Date,Opponent,Score,SU,Line,ATS,Over/Under
10/28/2014,at LA Lakers,108-90,W,-7,W,U 207
10/29/2014,at Utah,104-93,W,-3,W,U 202
11/01/2014,vs. Boston,104-90,W,-7.5,W,U 209
11/03/2014,at Philadelphia,104-93,W,-11,P,U 201.5
11/04/2014,at Miami,108-91,W,+1.5,W,U 203.5
11/06/2014,vs. San Antonio,98-81,W,-7,W,U 197.5
11/08/2014,vs. Golden State,87-98,L,-1,L,U 208.5
11/12/2014,at Minnesota,113-101,W,-6.5,W,O 205.5
11/14/2014,vs. Philadelphia,88-87,W,-16.5,L,U 204.5
11/16/2014,at Oklahoma City,69-65,W,-5,L,U 192
11/17/2014,at Memphis,93-119,L,+4.5,L,O 187.5
11/19/2014,vs. LA Lakers,92-98,L,-11.5,L,U 208.5
11/22/2014,vs. Dallas,95-92,W,+4,W,U 205
11/24/2014,vs. New York,91-86,W,-6.5,L,U 191.5
11/26/2014,vs. Sacramento,102-89,W,-4,W,U 193
11/28/2014,vs. LA Clippers,85-102,L,+4,L,U 201
11/29/2014,at Milwaukee,117-103,W,+3.5,W,O 192
12/03/2014,vs. Memphis,105-96,W,+5,W,O 189.5
12/05/2014,at Minnesota,114-112,W,-7,L,O 205
12/06/2014,vs. Phoenix,100-95,W,+2,W,U 207.5
12/10/2014,at Golden State,93-105,L,+9.5,L,U 204.5
12/11/2014,at Sacramento,113-109,W,+1,W,O 197.5
12/13/2014,vs. Denver,108-96,W,-6.5,W,U 205.5
12/17/2014,at Denver,115-111,W,-2,W,O 205
12/18/2014,vs. New Orleans,90-99,L,-4.5,L,U 201.5
12/20/2014,vs. Atlanta,97-104,L,-5,L,O 197.5
12/22/2014,vs. Portland,110-95,W,-4.5,W,O 198
12/26/2014,at Memphis,,,,,
12/28/2014,at San Antonio,,,,,
12/29/2014,vs. Washington,,,,,
12/31/2014,vs. Charlotte,,,,,
01/02/2015,at New Orleans,,,,,
01/03/2015,vs. Miami,,,,,
01/05/2015,at Chicago,,,,,
01/07/2015,at Cleveland,,,,,
01/08/2015,at New York,,,,,
01/10/2015,vs. Utah,,,,,
01/12/2015,at Brooklyn,,,,,
01/14/2015,at Orlando,,,,,
01/15/2015,vs. Oklahoma City,,,,,
01/17/2015,vs. Golden State,,,,,
01/19/2015,vs. Indiana,,,,,
01/21/2015,at Golden State,,,,,
01/23/2015,at Phoenix,,,,,
01/25/2015,at LA Lakers,,,,,
01/28/2015,vs. Dallas,,,,,
01/30/2015,at Boston,,,,,
01/31/2015,at Detroit,,,,,
02/04/2015,vs. Chicago,,,,,
02/06/2015,vs. Milwaukee,,,,,
02/08/2015,vs. Portland,,,,,
02/10/2015,at Phoenix,,,,,
02/11/2015,at LA Clippers,,,,,
02/20/2015,at Dallas,,,,,
02/21/2015,vs. Toronto,,,,,
02/23/2015,vs. Minnesota,,,,,
02/25/2015,vs. LA Clippers,,,,,
02/27/2015,vs. Brooklyn,,,,,
03/01/2015,vs. Cleveland,,,,,
03/03/2015,at Atlanta,,,,,
03/04/2015,vs. Memphis,,,,,
03/06/2015,vs. Detroit,,,,,
03/07/2015,at Denver,,,,,
03/11/2015,at Portland,,,,,
03/12/2015,at Utah,,,,,
03/15/2015,at LA Clippers,,,,,
03/17/2015,vs. Orlando,,,,,
03/19/2015,vs. Denver,,,,,
03/21/2015,vs. Phoenix,,,,,
03/23/2015,at Indiana,,,,,
03/25/2015,at New Orleans,,,,,
03/27/2015,vs. Minnesota,,,,,
03/29/2015,at Washington,,,,,
03/30/2015,at Toronto,,,,,
04/01/2015,vs. Sacramento,,,,,
04/02/2015,at Dallas,,,,,
04/05/2015,at Oklahoma City,,,,,
04/08/2015,at San Antonio,,,,,
04/10/2015,vs. San Antonio,,,,,
04/12/2015,vs. New Orleans,,,,,
04/13/2015,at Charlotte,,,,,
04/15/2015,vs. Utah,,,,,
