Game Date,Opponent,Score,SU,Line,ATS,Over/Under
10/29/2014,vs. Oklahoma City,106-89,W,-9,W,U 198
10/31/2014,at Sacramento,94-103,L,-5,L,U 198
11/02/2014,vs. Golden State,90-95,L,-3,L,U 207
11/04/2014,vs. Cleveland,101-82,W,+2,W,U 206
11/06/2014,vs. Dallas,108-87,W,-2,W,U 208
11/08/2014,at LA Clippers,102-106,L,+4.5,W,O 204.5
11/09/2014,vs. Denver,116-100,W,-9.5,W,O 206
11/11/2014,vs. Charlotte,102-100,W,-6.5,L,O 191.5
11/12/2014,at Denver,130-113,W,+2.5,W,O 208.5
11/15/2014,vs. Brooklyn,97-87,W,-2.5,W,U 204.5
11/17/2014,vs. New Orleans,102-93,W,-2.5,W,U 203
11/21/2014,vs. Chicago,105-87,W,-8,W,U 195
11/23/2014,at Boston,94-88,W,-5,W,U 209.5
11/24/2014,at Philadelphia,114-104,W,-13,L,O 198
11/26/2014,at Charlotte,105-97,W,-5.5,W,O 191.5
11/28/2014,vs. Memphis,99-112,L,-4,L,O 193
11/30/2014,vs. Minnesota,107-93,W,-13,W,U 211.5
12/02/2014,at Denver,105-103,W,-3,L,U 211.5
12/04/2014,vs. Indiana,88-82,W,-8,L,U 193.5
12/07/2014,at New York,103-99,W,-6.5,L,O 195
12/09/2014,at Detroit,98-86,W,-8,W,U 197.5
12/10/2014,at Minnesota,82-90,L,-10,L,U 207
12/12/2014,at Chicago,106-115,L,+2.5,L,O 197
12/13/2014,at Indiana,95-85,W,-5,W,U 192.5
12/15/2014,vs. San Antonio,108-95,W,-8,W,O 194.5
12/17/2014,vs. Milwaukee,104-97,W,-10,L,U 203
12/19/2014,at San Antonio,129-119,W,+4.5,W,O 195.5
12/20/2014,at New Orleans,114-88,W,+5.5,W,U 205.5
12/22/2014,at Houston,95-110,L,+4.5,L,O 198
12/23/2014,at Oklahoma City,,,,,
12/26/2014,vs. Philadelphia,,,,,
12/28/2014,vs. New York,,,,,
12/30/2014,vs. Toronto,,,,,
01/03/2015,vs. Atlanta,,,,,
01/05/2015,vs. LA Lakers,,,,,
01/08/2015,vs. Miami,,,,,
01/10/2015,vs. Orlando,,,,,
01/11/2015,at LA Lakers,,,,,
01/14/2015,vs. LA Clippers,,,,,
01/16/2015,at San Antonio,,,,,
01/17/2015,at Memphis,,,,,
01/19/2015,vs. Sacramento,,,,,
01/21/2015,at Phoenix,,,,,
01/22/2015,vs. Boston,,,,,
01/24/2015,vs. Washington,,,,,
01/26/2015,at Brooklyn,,,,,
01/28/2015,at Cleveland,,,,,
01/30/2015,at Atlanta,,,,,
01/31/2015,at Milwaukee,,,,,
02/03/2015,vs. Utah,,,,,
02/05/2015,vs. Phoenix,,,,,
02/07/2015,at Dallas,,,,,
02/08/2015,at Houston,,,,,
02/11/2015,vs. LA Lakers,,,,,
02/20/2015,at Utah,,,,,
02/22/2015,vs. Memphis,,,,,
02/25/2015,vs. San Antonio,,,,,
02/27/2015,vs. Oklahoma City,,,,,
03/01/2015,at Sacramento,,,,,
03/04/2015,at LA Clippers,,,,,
03/05/2015,vs. Dallas,,,,,
03/07/2015,at Minnesota,,,,,
03/11/2015,vs. Houston,,,,,
03/13/2015,vs. Detroit,,,,,
03/15/2015,at Toronto,,,,,
03/16/2015,at Washington,,,,,
03/18/2015,at Miami,,,,,
03/20/2015,at Orlando,,,,,
03/21/2015,at Memphis,,,,,
03/24/2015,vs. Golden State,,,,,
03/25/2015,at Utah,,,,,
03/27/2015,at Phoenix,,,,,
03/28/2015,vs. Denver,,,,,
03/30/2015,vs. Phoenix,,,,,
04/01/2015,vs. LA Clippers,,,,,
04/03/2015,at LA Lakers,,,,,
04/04/2015,vs. New Orleans,,,,,
04/08/2015,vs. Minnesota,,,,,
04/09/2015,at Golden State,,,,,
04/11/2015,vs. Utah,,,,,
04/13/2015,at Oklahoma City,,,,,
04/15/2015,at Dallas,,,,,
