Game Date,Opponent,Score,SU,Line,ATS,Over/Under
10/28/2014,vs. Dallas,101-100,W,-3.5,L,U 202.5
10/31/2014,at Phoenix,89-94,L,-1,L,U 208
11/05/2014,vs. Atlanta,94-92,W,-8.5,L,U 201.5
11/06/2014,at Houston,81-98,L,+7,L,U 197.5
11/08/2014,vs. New Orleans,99-100,L,-7.5,L,O 195
11/10/2014,at LA Clippers,89-85,W,+2,W,U 203
11/11/2014,at Golden State,113-100,W,+8.5,W,O 197
11/14/2014,at LA Lakers,93-80,W,-8.5,W,U 204.5
11/15/2014,at Sacramento,91-94,L,-1.5,L,U 196
11/17/2014,vs. Philadelphia,100-75,W,-16.5,W,U 195.5
11/19/2014,at Cleveland,92-90,W,+1.5,W,U 200
11/21/2014,at Minnesota,121-92,W,-10.5,W,O 203
11/22/2014,vs. Brooklyn,99-87,W,-10.5,W,U 194
11/26/2014,vs. Indiana,106-100,W,-13,L,O 187
11/28/2014,vs. Sacramento,112-104,W,-11.5,L,O 194.5
11/30/2014,at Boston,111-89,W,-7.5,W,U 204.5
12/01/2014,at Philadelphia,109-103,W,-11,L,O 195.5
12/03/2014,at Brooklyn,93-95,L,-8,L,U 197.5
12/05/2014,at Memphis,107-101,W,0,W,O 191.5
12/06/2014,vs. Minnesota,123-101,W,-14.5,W,O 203
12/09/2014,at Utah,96-100,L,-9,L,O 194
12/10/2014,vs. New York,109-95,W,-10,W,O 192.5
12/12/2014,vs. LA Lakers,110-112,L,-12.5,L,O 207
12/14/2014,at Denver,99-91,W,-4.5,W,U 203
12/15/2014,at Portland,95-108,L,+8,L,O 194.5
12/17/2014,vs. Memphis,116-117,L,-2.5,L,O 190.5
12/19/2014,vs. Portland,119-129,L,-4.5,L,O 195.5
12/20/2014,at Dallas,93-99,L,+10.5,W,U 206
12/22/2014,vs. LA Clippers,125-118,W,+1.5,W,O 203
12/25/2014,vs. Oklahoma City,,,,,
12/26/2014,at New Orleans,,,,,
12/28/2014,vs. Houston,,,,,
12/30/2014,at Memphis,,,,,
12/31/2014,vs. New Orleans,,,,,
01/03/2015,vs. Washington,,,,,
01/06/2015,vs. Detroit,,,,,
01/09/2015,vs. Phoenix,,,,,
01/10/2015,at Minnesota,,,,,
01/13/2015,at Washington,,,,,
01/14/2015,at Charlotte,,,,,
01/16/2015,vs. Portland,,,,,
01/18/2015,vs. Utah,,,,,
01/20/2015,at Denver,,,,,
01/22/2015,at Chicago,,,,,
01/23/2015,vs. LA Lakers,,,,,
01/25/2015,vs. Milwaukee,,,,,
01/28/2015,vs. Charlotte,,,,,
01/31/2015,vs. LA Clippers,,,,,
02/04/2015,vs. Orlando,,,,,
02/06/2015,vs. Miami,,,,,
02/08/2015,at Toronto,,,,,
02/09/2015,at Indiana,,,,,
02/11/2015,at Detroit,,,,,
02/19/2015,at LA Clippers,,,,,
02/20/2015,at Golden State,,,,,
02/23/2015,at Utah,,,,,
02/25/2015,at Portland,,,,,
02/27/2015,at Sacramento,,,,,
02/28/2015,at Phoenix,,,,,
03/04/2015,vs. Sacramento,,,,,
03/06/2015,vs. Denver,,,,,
03/08/2015,vs. Chicago,,,,,
03/10/2015,vs. Toronto,,,,,
03/12/2015,vs. Cleveland,,,,,
03/15/2015,vs. Minnesota,,,,,
03/17/2015,at New York,,,,,
03/18/2015,at Milwaukee,,,,,
03/20/2015,vs. Boston,,,,,
03/22/2015,at Atlanta,,,,,
03/24/2015,at Dallas,,,,,
03/25/2015,vs. Oklahoma City,,,,,
03/27/2015,vs. Dallas,,,,,
03/29/2015,vs. Memphis,,,,,
03/31/2015,at Miami,,,,,
04/01/2015,at Orlando,,,,,
04/03/2015,vs. Denver,,,,,
04/05/2015,vs. Golden State,,,,,
04/07/2015,at Oklahoma City,,,,,
04/08/2015,vs. Houston,,,,,
04/10/2015,at Houston,,,,,
04/12/2015,vs. Phoenix,,,,,
04/15/2015,at New Orleans,,,,,
