Game Date,Opponent,Score,SU,Line,ATS,Over/Under
10/29/2014,at Sacramento,95-77,W,-4.5,W,U 206
11/01/2014,vs. LA Lakers,127-104,W,-15,W,O 210
11/02/2014,at Portland,95-90,W,+3,W,U 207
11/05/2014,vs. LA Clippers,121-104,W,-5,W,O 210
11/08/2014,at Houston,98-87,W,+1,W,U 208.5
11/09/2014,at Phoenix,95-107,L,+1,L,U 210
11/11/2014,vs. San Antonio,100-113,L,-8.5,L,O 197
11/13/2014,vs. Brooklyn,107-99,W,-10.5,L,U 209.5
11/15/2014,vs. Charlotte,112-87,W,-10.5,W,U 200.5
11/16/2014,at LA Lakers,136-115,W,-8,W,O 211
11/21/2014,vs. Utah,101-88,W,-12.5,W,U 207
11/23/2014,at Oklahoma City,91-86,W,-8,L,U 196.5
11/25/2014,at Miami,114-97,W,-7,W,O 201.5
11/26/2014,at Orlando,111-96,W,-8,W,O 203
11/28/2014,at Charlotte,106-101,W,-8.5,L,O 201
11/30/2014,at Detroit,104-93,W,-8.5,W,U 202
12/02/2014,vs. Orlando,98-97,W,-11.5,L,U 201.5
12/04/2014,vs. New Orleans,112-85,W,-9.5,W,U 206
12/06/2014,at Chicago,112-102,W,-2.5,W,O 204
12/08/2014,at Minnesota,102-86,W,-14.5,W,U 213.5
12/10/2014,vs. Houston,105-93,W,-9.5,W,U 204.5
12/13/2014,at Dallas,105-98,W,-1,W,U 215
12/14/2014,at New Orleans,128-122,W,-6.5,L,O 205.5
12/16/2014,at Memphis,98-105,L,+3.5,L,U 203.5
12/18/2014,vs. Oklahoma City,114-109,W,-2.5,W,O 212
12/22/2014,vs. Sacramento,128-108,W,-11,W,O 212
12/23/2014,at LA Lakers,,,,,
12/25/2014,at LA Clippers,,,,,
12/27/2014,vs. Minnesota,,,,,
12/30/2014,vs. Philadelphia,,,,,
01/02/2015,vs. Toronto,,,,,
01/05/2015,vs. Oklahoma City,,,,,
01/07/2015,vs. Indiana,,,,,
01/09/2015,vs. Cleveland,,,,,
01/13/2015,at Utah,,,,,
01/14/2015,vs. Miami,,,,,
01/16/2015,at Oklahoma City,,,,,
01/17/2015,at Houston,,,,,
01/19/2015,vs. Denver,,,,,
01/21/2015,vs. Houston,,,,,
01/23/2015,vs. Sacramento,,,,,
01/25/2015,vs. Boston,,,,,
01/27/2015,vs. Chicago,,,,,
01/30/2015,at Utah,,,,,
01/31/2015,vs. Phoenix,,,,,
02/03/2015,at Sacramento,,,,,
02/04/2015,vs. Dallas,,,,,
02/06/2015,at Atlanta,,,,,
02/07/2015,at New York,,,,,
02/09/2015,at Philadelphia,,,,,
02/11/2015,at Minnesota,,,,,
02/20/2015,vs. San Antonio,,,,,
02/22/2015,at Indiana,,,,,
02/24/2015,at Washington,,,,,
02/26/2015,at Cleveland,,,,,
02/27/2015,at Toronto,,,,,
03/01/2015,at Boston,,,,,
03/02/2015,at Brooklyn,,,,,
03/04/2015,vs. Milwaukee,,,,,
03/06/2015,vs. Dallas,,,,,
03/08/2015,vs. LA Clippers,,,,,
03/09/2015,at Phoenix,,,,,
03/11/2015,vs. Detroit,,,,,
03/13/2015,at Denver,,,,,
03/14/2015,vs. New York,,,,,
03/16/2015,vs. LA Lakers,,,,,
03/18/2015,vs. Atlanta,,,,,
03/20/2015,vs. New Orleans,,,,,
03/21/2015,vs. Utah,,,,,
03/23/2015,vs. Washington,,,,,
03/24/2015,at Portland,,,,,
03/27/2015,at Memphis,,,,,
03/28/2015,at Milwaukee,,,,,
03/31/2015,at LA Clippers,,,,,
04/02/2015,vs. Phoenix,,,,,
04/04/2015,at Dallas,,,,,
04/05/2015,at San Antonio,,,,,
04/07/2015,at New Orleans,,,,,
04/09/2015,vs. Portland,,,,,
04/11/2015,vs. Minnesota,,,,,
04/13/2015,vs. Memphis,,,,,
04/15/2015,vs. Denver,,,,,
