Game Date,Opponent,Score,SU,Line,ATS,Over/Under
10/29/2014,vs. Golden State,77-95,L,+4.5,L,U 206
10/31/2014,vs. Portland,103-94,W,+5,W,U 198
11/02/2014,at LA Clippers,98-92,W,+9,W,U 205
11/03/2014,at Denver,110-105,W,+6.5,W,O 202
11/05/2014,vs. Denver,131-109,W,-3.5,W,O 204
11/07/2014,at Phoenix,114-112,W,+5,W,O 208
11/09/2014,at Oklahoma City,93-101,L,-2,L,O 191
11/11/2014,at Dallas,98-106,L,+8,P,U 205.5
11/13/2014,at Memphis,110-111,L,+5,W,O 189
11/15/2014,vs. San Antonio,94-91,W,+1.5,W,U 196
11/18/2014,vs. New Orleans,100-106,L,-2.5,L,O 202.5
11/20/2014,vs. Chicago,103-88,W,-3,W,U 196.5
11/22/2014,at Minnesota,113-101,W,-8.5,W,O 211.5
11/25/2014,at New Orleans,99-89,W,+5.5,W,U 201
11/26/2014,at Houston,89-102,L,+4,L,U 193
11/28/2014,at San Antonio,104-112,L,+11.5,W,O 194.5
11/30/2014,vs. Memphis,85-97,L,+5,L,U 193
12/02/2014,vs. Toronto,109-117,L,-1,L,O 204
12/05/2014,vs. Indiana,102-101,W,-3.5,L,O 192
12/06/2014,vs. Orlando,96-105,L,-6,L,O 196
12/08/2014,vs. Utah,101-92,W,-5.5,W,U 197.5
12/09/2014,at LA Lakers,95-98,L,+3.5,W,U 207.5
12/11/2014,vs. Houston,109-113,L,-1,L,O 197.5
12/13/2014,vs. Detroit,90-95,L,-5,L,U 195
12/16/2014,vs. Oklahoma City,92-104,L,+8,L,U 207.5
12/18/2014,vs. Milwaukee,107-108,L,-7.5,L,O 203
12/21/2014,vs. LA Lakers,108-101,W,-7.5,L,O 206.5
12/22/2014,at Golden State,108-128,L,+11,L,O 212
12/26/2014,vs. Phoenix,,,,,
12/27/2014,vs. New York,,,,,
12/29/2014,at Brooklyn,,,,,
12/31/2014,at Boston,,,,,
01/01/2015,at Minnesota,,,,,
01/04/2015,at Detroit,,,,,
01/07/2015,vs. Oklahoma City,,,,,
01/09/2015,vs. Denver,,,,,
01/11/2015,vs. Cleveland,,,,,
01/13/2015,vs. Dallas,,,,,
01/16/2015,vs. Miami,,,,,
01/17/2015,vs. LA Clippers,,,,,
01/19/2015,at Portland,,,,,
01/21/2015,vs. Brooklyn,,,,,
01/23/2015,at Golden State,,,,,
01/26/2015,at New York,,,,,
01/28/2015,at Toronto,,,,,
01/30/2015,at Cleveland,,,,,
01/31/2015,at Indiana,,,,,
02/03/2015,vs. Golden State,,,,,
02/05/2015,vs. Dallas,,,,,
02/07/2015,at Utah,,,,,
02/08/2015,vs. Phoenix,,,,,
02/10/2015,at Chicago,,,,,
02/11/2015,at Milwaukee,,,,,
02/20/2015,vs. Boston,,,,,
02/21/2015,at LA Clippers,,,,,
02/25/2015,vs. Memphis,,,,,
02/27/2015,vs. San Antonio,,,,,
03/01/2015,vs. Portland,,,,,
03/04/2015,at San Antonio,,,,,
03/06/2015,at Orlando,,,,,
03/07/2015,at Miami,,,,,
03/09/2015,at Atlanta,,,,,
03/11/2015,at Charlotte,,,,,
03/13/2015,at Philadelphia,,,,,
03/14/2015,at Washington,,,,,
03/16/2015,vs. Atlanta,,,,,
03/18/2015,vs. LA Clippers,,,,,
03/20/2015,vs. Charlotte,,,,,
03/22/2015,vs. Washington,,,,,
03/24/2015,vs. Philadelphia,,,,,
03/25/2015,at Phoenix,,,,,
03/27/2015,at New Orleans,,,,,
03/30/2015,at Memphis,,,,,
04/01/2015,at Houston,,,,,
04/03/2015,vs. New Orleans,,,,,
04/05/2015,vs. Utah,,,,,
04/07/2015,vs. Minnesota,,,,,
04/08/2015,at Utah,,,,,
04/10/2015,at Oklahoma City,,,,,
04/12/2015,at Denver,,,,,
04/13/2015,vs. LA Lakers,,,,,
04/15/2015,at LA Lakers,,,,,
