Game Date,Opponent,Score,SU,Line,ATS,Over/Under
10/28/2014,vs. Orlando,101-84,W,-9.5,W,U 190.5
11/01/2014,vs. Dallas,104-109,L,0,L,O 203.5
11/03/2014,at Memphis,81-93,L,+4,L,U 186.5
11/04/2014,vs. Charlotte,100-91,W,-4,W,O 190.5
11/08/2014,at San Antonio,100-99,W,+7.5,W,O 195
11/10/2014,at Cleveland,111-118,L,+5.5,L,O 201.5
11/12/2014,vs. LA Lakers,109-102,W,-10.5,L,O 209.5
11/14/2014,vs. Minnesota,139-91,W,-8,W,O 206
11/17/2014,at Portland,93-102,L,+2.5,L,U 203
11/18/2014,at Sacramento,106-100,W,+2.5,W,O 202.5
11/21/2014,at Denver,97-117,L,-2.5,L,O 213
11/22/2014,at Utah,106-94,W,-2.5,W,O 199
11/25/2014,vs. Sacramento,89-99,L,-5.5,L,U 201
11/28/2014,at Atlanta,91-100,L,+2.5,L,U 204.5
11/29/2014,at Washington,80-83,L,+4,W,U 199
12/02/2014,vs. Oklahoma City,112-104,W,+3,W,O 196
12/04/2014,at Golden State,85-112,L,+9.5,L,U 206
12/06/2014,at LA Clippers,100-120,L,+9,L,O 206
12/07/2014,at LA Lakers,104-87,W,-2.5,W,U 207
12/09/2014,vs. New York,104-93,W,-6.5,W,O 195
12/10/2014,at Dallas,107-112,L,+7.5,W,O 209
12/12/2014,vs. Cleveland,119-114,W,-2.5,W,O 200
12/14/2014,vs. Golden State,122-128,L,+6.5,W,O 205.5
12/16/2014,vs. Utah,119-111,W,-10,L,O 197
12/18/2014,at Houston,99-90,W,+4.5,W,U 201.5
12/20/2014,vs. Portland,88-114,L,-5.5,L,U 205.5
12/21/2014,at Oklahoma City,101-99,W,+7,W,U 201.5
12/23/2014,at Indiana,,,,,
12/26/2014,vs. San Antonio,,,,,
12/27/2014,at Chicago,,,,,
12/30/2014,vs. Phoenix,,,,,
12/31/2014,at San Antonio,,,,,
01/02/2015,vs. Houston,,,,,
01/05/2015,vs. Washington,,,,,
01/07/2015,at Charlotte,,,,,
01/09/2015,vs. Memphis,,,,,
01/12/2015,at Boston,,,,,
01/14/2015,at Detroit,,,,,
01/16/2015,at Philadelphia,,,,,
01/18/2015,at Toronto,,,,,
01/19/2015,at New York,,,,,
01/21/2015,vs. LA Lakers,,,,,
01/23/2015,at Minnesota,,,,,
01/25/2015,vs. Dallas,,,,,
01/26/2015,vs. Philadelphia,,,,,
01/28/2015,vs. Denver,,,,,
01/30/2015,vs. LA Clippers,,,,,
02/02/2015,vs. Atlanta,,,,,
02/04/2015,vs. Oklahoma City,,,,,
02/06/2015,at Oklahoma City,,,,,
02/07/2015,vs. Chicago,,,,,
02/09/2015,vs. Utah,,,,,
02/11/2015,vs. Indiana,,,,,
02/20/2015,at Orlando,,,,,
02/21/2015,at Miami,,,,,
02/23/2015,vs. Toronto,,,,,
02/25/2015,vs. Brooklyn,,,,,
02/27/2015,vs. Miami,,,,,
03/01/2015,at Denver,,,,,
03/02/2015,at Dallas,,,,,
03/04/2015,vs. Detroit,,,,,
03/06/2015,vs. Boston,,,,,
03/07/2015,vs. Memphis,,,,,
03/09/2015,at Milwaukee,,,,,
03/10/2015,at Brooklyn,,,,,
03/15/2015,vs. Denver,,,,,
03/17/2015,vs. Milwaukee,,,,,
03/19/2015,at Phoenix,,,,,
03/20/2015,at Golden State,,,,,
03/22/2015,at LA Clippers,,,,,
03/25/2015,vs. Houston,,,,,
03/27/2015,vs. Sacramento,,,,,
03/29/2015,vs. Minnesota,,,,,
04/01/2015,at LA Lakers,,,,,
04/03/2015,at Sacramento,,,,,
04/04/2015,at Portland,,,,,
04/07/2015,vs. Golden State,,,,,
04/08/2015,at Memphis,,,,,
04/10/2015,vs. Phoenix,,,,,
04/12/2015,at Houston,,,,,
04/13/2015,at Minnesota,,,,,
04/15/2015,vs. San Antonio,,,,,
