Game Date,Opponent,Score,SU,Line,ATS,Over/Under
10/29/2014,vs. Chicago,80-104,L,+4,L,U 185
10/30/2014,at Cleveland,95-90,W,+13,W,U 204
11/02/2014,vs. Charlotte,96-93,W,-3.5,L,O 185.5
11/04/2014,vs. Washington,83-98,L,+1,L,U 190.5
11/05/2014,at Detroit,95-98,L,+4.5,W,O 186
11/07/2014,at Brooklyn,99-110,L,+6,L,O 192
11/08/2014,at Atlanta,96-103,L,+6.5,L,O 195.5
11/10/2014,vs. Atlanta,85-91,L,+1.5,L,U 197
11/12/2014,vs. Orlando,95-97,L,-6.5,L,P 192
11/14/2014,vs. Utah,100-102,L,-3.5,L,O 191.5
11/16/2014,vs. Denver,109-93,W,-1.5,W,U 203.5
11/18/2014,at Milwaukee,113-117,L,+2,L,O 192
11/19/2014,at Minnesota,99-115,L,0,L,O 200
11/22/2014,vs. Philadelphia,91-83,W,-11,L,U 198.5
11/24/2014,at Houston,86-91,L,+6.5,W,U 191.5
11/26/2014,at Dallas,102-109,L,+14,W,O 201
11/28/2014,at Oklahoma City,78-105,L,+8.5,L,U 186.5
11/30/2014,vs. Miami,79-86,L,+3,L,U 189.5
12/02/2014,vs. Brooklyn,93-98,L,+1,L,U 193.5
12/04/2014,vs. Cleveland,87-90,L,+7.5,W,U 198
12/05/2014,at Charlotte,102-103,L,+5,W,O 190
12/07/2014,vs. Portland,99-103,L,+6.5,W,O 195
12/09/2014,at New Orleans,93-104,L,+6.5,L,O 195
12/10/2014,at San Antonio,95-109,L,+10,L,O 192.5
12/12/2014,at Boston,101-95,W,+7.5,W,U 201
12/14/2014,vs. Toronto,90-95,L,+7,W,U 200.5
12/16/2014,vs. Dallas,87-107,L,+8,L,U 203
12/18/2014,at Chicago,97-103,L,+13,W,O 188
12/20/2014,vs. Phoenix,90-99,L,+6,L,U 198
12/21/2014,at Toronto,108-118,L,+12.5,W,O 197
12/25/2014,vs. Washington,,,,,
12/27/2014,at Sacramento,,,,,
12/28/2014,at Portland,,,,,
12/31/2014,at LA Clippers,,,,,
01/02/2015,vs. Detroit,,,,,
01/04/2015,vs. Milwaukee,,,,,
01/05/2015,at Memphis,,,,,
01/07/2015,at Washington,,,,,
01/08/2015,vs. Houston,,,,,
01/10/2015,vs. Charlotte,,,,,
01/15/2015,at Milwaukee,,,,,
01/19/2015,vs. New Orleans,,,,,
01/21/2015,at Philadelphia,,,,,
01/23/2015,vs. Orlando,,,,,
01/24/2015,at Charlotte,,,,,
01/26/2015,vs. Sacramento,,,,,
01/28/2015,vs. Oklahoma City,,,,,
01/29/2015,at Indiana,,,,,
02/01/2015,vs. LA Lakers,,,,,
02/03/2015,vs. Boston,,,,,
02/06/2015,at Brooklyn,,,,,
02/07/2015,vs. Golden State,,,,,
02/09/2015,at Miami,,,,,
02/11/2015,at Orlando,,,,,
02/20/2015,vs. Miami,,,,,
02/22/2015,vs. Cleveland,,,,,
02/25/2015,at Boston,,,,,
02/27/2015,at Detroit,,,,,
02/28/2015,vs. Toronto,,,,,
03/04/2015,at Indiana,,,,,
03/07/2015,vs. Indiana,,,,,
03/09/2015,at Denver,,,,,
03/10/2015,at Utah,,,,,
03/12/2015,at LA Lakers,,,,,
03/14/2015,at Golden State,,,,,
03/15/2015,at Phoenix,,,,,
03/17/2015,vs. San Antonio,,,,,
03/19/2015,vs. Minnesota,,,,,
03/20/2015,at Philadelphia,,,,,
03/22/2015,at Toronto,,,,,
03/23/2015,vs. Memphis,,,,,
03/25/2015,vs. LA Clippers,,,,,
03/27/2015,vs. Boston,,,,,
03/28/2015,at Chicago,,,,,
04/01/2015,vs. Brooklyn,,,,,
04/03/2015,at Washington,,,,,
04/05/2015,vs. Philadelphia,,,,,
04/08/2015,vs. Indiana,,,,,
04/10/2015,vs. Milwaukee,,,,,
04/11/2015,at Orlando,,,,,
04/13/2015,at Atlanta,,,,,
04/15/2015,vs. Detroit,,,,,
