Game Date,Opponent,Score,SU,Line,ATS,Over/Under
10/29/2014,vs. Philadelphia,103-91,W,-7.5,W,O 189.5
10/31/2014,vs. Memphis,89-97,L,+6,L,O 185.5
11/01/2014,at Atlanta,92-102,L,+11,W,O 193.5
11/04/2014,vs. Milwaukee,81-87,L,-4,L,U 191.5
11/05/2014,at Washington,94-96,L,+9.5,W,O 187.5
11/07/2014,at Boston,98-101,L,+5.5,W,O 190
11/08/2014,vs. Washington,90-97,L,+3,L,O 182.5
11/10/2014,vs. Utah,97-86,W,-2.5,W,U 187.5
11/12/2014,at Miami,81-75,W,+8.5,W,U 187.5
11/14/2014,vs. Denver,87-108,L,-2.5,L,U 198
11/15/2014,at Chicago,99-90,W,+9,W,O 181
11/19/2014,vs. Charlotte,88-86,W,-2,P,U 179.5
11/22/2014,vs. Phoenix,83-106,L,+2,L,U 195.5
11/24/2014,at Dallas,111-100,W,+14,W,O 197.5
11/26/2014,at San Antonio,100-106,L,+13,W,O 187
11/28/2014,vs. Orlando,98-83,W,-5,W,U 191
11/29/2014,at Cleveland,97-109,L,+9.5,L,O 195
12/02/2014,at Phoenix,99-116,L,+5.5,L,O 197.5
12/04/2014,at Portland,82-88,L,+8,W,U 193.5
12/05/2014,at Sacramento,101-102,L,+3.5,W,O 192
12/08/2014,vs. Atlanta,92-108,L,-1,L,O 194
12/10/2014,vs. LA Clippers,96-103,L,+6.5,L,U 199.5
12/12/2014,at Toronto,94-106,L,+9,L,O 198
12/13/2014,vs. Portland,85-95,L,+5,L,U 192.5
12/15/2014,vs. LA Lakers,110-91,W,-5,W,O 198
12/17/2014,at LA Clippers,100-102,L,+11,W,O 201
12/20/2014,at Denver,73-76,L,+3,P,U 200
12/21/2014,at Minnesota,100-96,W,-3.5,W,O 195.5
12/23/2014,vs. New Orleans,,,,,
12/26/2014,at Detroit,,,,,
12/27/2014,at Brooklyn,,,,,
12/29/2014,vs. Chicago,,,,,
12/31/2014,vs. Miami,,,,,
01/02/2015,at Milwaukee,,,,,
01/04/2015,at LA Lakers,,,,,
01/05/2015,at Utah,,,,,
01/07/2015,at Golden State,,,,,
01/09/2015,vs. Boston,,,,,
01/10/2015,at Philadelphia,,,,,
01/13/2015,vs. Minnesota,,,,,
01/16/2015,vs. Detroit,,,,,
01/17/2015,at Charlotte,,,,,
01/19/2015,at Houston,,,,,
01/21/2015,at Atlanta,,,,,
01/23/2015,at Miami,,,,,
01/25/2015,at Orlando,,,,,
01/27/2015,vs. Toronto,,,,,
01/29/2015,vs. New York,,,,,
01/31/2015,vs. Sacramento,,,,,
02/04/2015,vs. Detroit,,,,,
02/06/2015,vs. Cleveland,,,,,
02/08/2015,at Charlotte,,,,,
02/09/2015,vs. San Antonio,,,,,
02/11/2015,at New Orleans,,,,,
02/20/2015,at Philadelphia,,,,,
02/22/2015,vs. Golden State,,,,,
02/24/2015,at Oklahoma City,,,,,
02/27/2015,vs. Cleveland,,,,,
03/01/2015,vs. Philadelphia,,,,,
03/04/2015,vs. New York,,,,,
03/06/2015,vs. Chicago,,,,,
03/07/2015,at New York,,,,,
03/10/2015,vs. Orlando,,,,,
03/12/2015,vs. Milwaukee,,,,,
03/14/2015,vs. Boston,,,,,
03/16/2015,vs. Toronto,,,,,
03/18/2015,at Chicago,,,,,
03/20/2015,at Cleveland,,,,,
03/21/2015,vs. Brooklyn,,,,,
03/23/2015,vs. Houston,,,,,
03/25/2015,at Washington,,,,,
03/26/2015,at Milwaukee,,,,,
03/29/2015,vs. Dallas,,,,,
03/31/2015,at Brooklyn,,,,,
04/01/2015,at Boston,,,,,
04/03/2015,vs. Charlotte,,,,,
04/05/2015,vs. Miami,,,,,
04/08/2015,at New York,,,,,
04/10/2015,at Detroit,,,,,
04/12/2015,vs. Oklahoma City,,,,,
04/14/2015,vs. Washington,,,,,
04/15/2015,at Memphis,,,,,
