Game Date,Opponent,Score,SU,Line,ATS,Over/Under
10/29/2014,vs. LA Lakers,119-99,W,-12,W,O 208.5
10/31/2014,vs. San Antonio,94-89,W,+1,W,U 208
11/01/2014,at Utah,91-118,L,-2,L,O 203.5
11/04/2014,at LA Lakers,112-106,W,-6.5,L,O 211.5
11/05/2014,vs. Memphis,91-102,L,-1.5,L,O 192.5
11/07/2014,vs. Sacramento,112-114,L,-5,L,O 208
11/09/2014,vs. Golden State,107-95,W,-1,W,U 210
11/12/2014,vs. Brooklyn,112-104,W,-4.5,W,O 207.5
11/14/2014,vs. Charlotte,95-103,L,-7,L,U 199.5
11/15/2014,at LA Clippers,107-120,L,+7,L,O 210.5
11/17/2014,at Boston,118-114,W,-1.5,W,O 215.5
11/19/2014,at Detroit,88-86,W,-2.5,L,U 204
11/21/2014,at Philadelphia,122-96,W,-9,W,O 208.5
11/22/2014,at Indiana,106-83,W,-2,W,U 195.5
11/24/2014,at Toronto,100-104,L,+4.5,W,U 210
11/26/2014,vs. Denver,120-112,W,-7.5,W,O 215.5
11/28/2014,at Denver,97-122,L,+1,L,O 215.5
11/30/2014,vs. Orlando,90-93,L,-9,L,U 205.5
12/02/2014,vs. Indiana,116-99,W,-5.5,W,O 197.5
12/05/2014,at Dallas,118-106,W,+6,W,O 216
12/06/2014,at Houston,95-100,L,-2,L,U 207.5
12/08/2014,at LA Clippers,120-121,L,+7.5,W,O 215
12/09/2014,vs. Miami,97-103,L,-4.5,L,U 202.5
12/12/2014,vs. Detroit,103-105,L,-9.5,L,O 203.5
12/14/2014,at Oklahoma City,88-112,L,+7.5,L,U 212
12/15/2014,vs. Milwaukee,94-96,L,-5.5,L,U 210
12/17/2014,at Charlotte,111-106,W,-2.5,W,O 201.5
12/20/2014,at New York,99-90,W,-6,W,U 198
12/21/2014,at Washington,104-92,W,+6,W,U 205.5
12/23/2014,vs. Dallas,,,,,
12/26/2014,at Sacramento,,,,,
12/28/2014,at LA Lakers,,,,,
12/30/2014,at New Orleans,,,,,
12/31/2014,at Oklahoma City,,,,,
01/02/2015,vs. Philadelphia,,,,,
01/04/2015,vs. Toronto,,,,,
01/06/2015,at Milwaukee,,,,,
01/07/2015,at Minnesota,,,,,
01/09/2015,at San Antonio,,,,,
01/11/2015,at Memphis,,,,,
01/13/2015,vs. Cleveland,,,,,
01/16/2015,vs. Minnesota,,,,,
01/19/2015,vs. LA Lakers,,,,,
01/21/2015,vs. Portland,,,,,
01/23/2015,vs. Houston,,,,,
01/25/2015,vs. LA Clippers,,,,,
01/28/2015,vs. Washington,,,,,
01/30/2015,vs. Chicago,,,,,
01/31/2015,at Golden State,,,,,
02/02/2015,vs. Memphis,,,,,
02/05/2015,at Portland,,,,,
02/06/2015,vs. Utah,,,,,
02/08/2015,at Sacramento,,,,,
02/10/2015,vs. Houston,,,,,
02/20/2015,at Minnesota,,,,,
02/21/2015,at Chicago,,,,,
02/23/2015,vs. Boston,,,,,
02/25/2015,at Denver,,,,,
02/26/2015,vs. Oklahoma City,,,,,
02/28/2015,vs. San Antonio,,,,,
03/02/2015,at Miami,,,,,
03/04/2015,at Orlando,,,,,
03/06/2015,at Brooklyn,,,,,
03/07/2015,at Cleveland,,,,,
03/09/2015,vs. Golden State,,,,,
03/11/2015,vs. Minnesota,,,,,
03/13/2015,vs. Atlanta,,,,,
03/15/2015,vs. New York,,,,,
03/19/2015,vs. New Orleans,,,,,
03/21/2015,at Houston,,,,,
03/22/2015,vs. Dallas,,,,,
03/25/2015,vs. Sacramento,,,,,
03/27/2015,vs. Portland,,,,,
03/29/2015,vs. Oklahoma City,,,,,
03/30/2015,at Portland,,,,,
04/02/2015,at Golden State,,,,,
04/04/2015,vs. Utah,,,,,
04/07/2015,at Atlanta,,,,,
04/08/2015,at Dallas,,,,,
04/10/2015,at New Orleans,,,,,
04/12/2015,at San Antonio,,,,,
04/14/2015,vs. LA Clippers,,,,,
