Game Date,Opponent,Score,SU,Line,ATS,Over/Under
10/29/2014,vs. Washington,107-95,W,-4.5,W,O 188
11/01/2014,at Philadelphia,114-96,W,-8.5,W,O 196
11/02/2014,vs. Toronto,107-102,W,-2,W,O 197
11/04/2014,vs. Houston,91-108,L,-1.5,L,U 203.5
11/05/2014,at Charlotte,89-96,L,+1.5,L,U 190
11/08/2014,vs. Minnesota,102-92,W,-7.5,W,U 205.5
11/09/2014,at Dallas,105-96,W,+8,W,U 205.5
11/12/2014,vs. Indiana,75-81,L,-8.5,L,U 187.5
11/14/2014,at Atlanta,103-114,L,+5,L,O 193
11/16/2014,vs. Milwaukee,84-91,L,-5,L,U 189.5
11/17/2014,at Brooklyn,95-83,W,+7,W,U 195.5
11/20/2014,vs. LA Clippers,93-110,L,+4,L,O 198.5
11/22/2014,at Orlando,99-92,W,-1.5,W,U 192
11/23/2014,vs. Charlotte,94-93,W,-1,P,O 185.5
11/25/2014,vs. Golden State,97-114,L,+7,L,O 201.5
11/30/2014,at New York,86-79,W,-3,W,U 189.5
12/01/2014,at Washington,86-107,L,+4.5,L,O 190
12/03/2014,vs. Atlanta,102-112,L,-4.5,L,O 199.5
12/05/2014,at Milwaukee,85-109,L,+1.5,L,U 195.5
12/07/2014,at Memphis,87-103,L,+8,L,U 192
12/09/2014,at Phoenix,103-97,W,+4.5,W,U 202.5
12/10/2014,at Denver,82-102,L,+6,L,U 202.5
12/12/2014,at Utah,100-95,W,+3,W,O 189
12/14/2014,vs. Chicago,75-93,L,+7,L,U 194
12/16/2014,at Brooklyn,95-91,W,+6,W,U 186.5
12/17/2014,vs. Utah,87-105,L,-3,L,O 189.5
12/19/2014,vs. Washington,103-105,L,+6,W,O 189
12/21/2014,vs. Boston,100-84,W,+3.5,W,U 197.5
12/23/2014,vs. Philadelphia,,,,,
12/25/2014,vs. Cleveland,,,,,
12/27/2014,vs. Memphis,,,,,
12/29/2014,vs. Orlando,,,,,
12/31/2014,at Indiana,,,,,
01/03/2015,at Houston,,,,,
01/04/2015,vs. Brooklyn,,,,,
01/08/2015,at Portland,,,,,
01/11/2015,at LA Clippers,,,,,
01/13/2015,at LA Lakers,,,,,
01/14/2015,at Golden State,,,,,
01/16/2015,at Sacramento,,,,,
01/20/2015,vs. Oklahoma City,,,,,
01/21/2015,at Charlotte,,,,,
01/23/2015,vs. Indiana,,,,,
01/25/2015,at Chicago,,,,,
01/27/2015,vs. Milwaukee,,,,,
01/30/2015,vs. Dallas,,,,,
02/01/2015,at Boston,,,,,
02/03/2015,at Detroit,,,,,
02/04/2015,at Minnesota,,,,,
02/06/2015,at San Antonio,,,,,
02/09/2015,vs. New York,,,,,
02/11/2015,at Cleveland,,,,,
02/20/2015,at New York,,,,,
02/21/2015,vs. New Orleans,,,,,
02/23/2015,vs. Philadelphia,,,,,
02/25/2015,at Orlando,,,,,
02/27/2015,at New Orleans,,,,,
02/28/2015,vs. Atlanta,,,,,
03/02/2015,vs. Phoenix,,,,,
03/04/2015,vs. LA Lakers,,,,,
03/06/2015,at Washington,,,,,
03/07/2015,vs. Sacramento,,,,,
03/09/2015,vs. Boston,,,,,
03/11/2015,vs. Brooklyn,,,,,
03/13/2015,at Toronto,,,,,
03/16/2015,vs. Cleveland,,,,,
03/18/2015,vs. Portland,,,,,
03/20/2015,vs. Denver,,,,,
03/22/2015,at Oklahoma City,,,,,
03/24/2015,at Milwaukee,,,,,
03/25/2015,at Boston,,,,,
03/27/2015,at Atlanta,,,,,
03/29/2015,vs. Detroit,,,,,
03/31/2015,vs. San Antonio,,,,,
04/02/2015,at Cleveland,,,,,
04/04/2015,at Detroit,,,,,
04/05/2015,at Indiana,,,,,
04/07/2015,vs. Charlotte,,,,,
04/09/2015,vs. Chicago,,,,,
04/11/2015,vs. Toronto,,,,,
04/13/2015,vs. Orlando,,,,,
04/15/2015,at Philadelphia,,,,,
