Game Date,Opponent,Score,SU,Line,ATS,Over/Under
10/29/2014,at Charlotte,106-108,L,+8,W,O 193
10/31/2014,vs. Philadelphia,93-81,W,-8.5,W,U 203
11/01/2014,at Washington,97-108,L,+9,L,O 197
11/04/2014,at Indiana,87-81,W,+4,W,U 191.5
11/05/2014,vs. Chicago,86-95,L,+4.5,L,U 191
11/07/2014,at Detroit,95-98,L,+5,W,U 194.5
11/08/2014,vs. Memphis,93-92,W,+4.5,W,U 187.5
11/11/2014,vs. Oklahoma City,85-78,W,-2,W,U 190.5
11/14/2014,at Orlando,85-101,L,+2.5,L,U 195
11/16/2014,at Miami,91-84,W,+5,W,U 189.5
11/18/2014,vs. New York,117-113,W,-2,W,O 192
11/19/2014,at Brooklyn,122-118,W,+6.5,W,O 198.5
11/21/2014,at Toronto,82-124,L,+9,L,O 199.5
11/22/2014,vs. Washington,100-111,L,+3,L,O 193.5
11/25/2014,vs. Detroit,98-86,W,-3.5,W,U 190
11/26/2014,at Minnesota,103-86,W,-1.5,W,U 206.5
11/28/2014,at Detroit,104-88,W,+2,W,O 190.5
11/29/2014,vs. Houston,103-117,L,-3.5,L,O 192
12/02/2014,at Cleveland,108-111,L,+11,W,O 201.5
12/03/2014,vs. Dallas,105-107,L,+4,W,O 206
12/05/2014,vs. Miami,109-85,W,-1.5,W,U 195.5
12/07/2014,at Dallas,102-125,L,+9,L,O 211
12/09/2014,at Oklahoma City,101-114,L,+10,L,O 201
12/13/2014,vs. LA Clippers,111-106,W,+5.5,W,O 210
12/15/2014,at Phoenix,96-94,W,+5.5,W,U 210
12/17/2014,at Portland,97-104,L,+10,W,U 203
12/18/2014,at Sacramento,108-107,W,+7.5,W,O 203
12/20/2014,at LA Clippers,102-106,L,+10,W,U 210.5
12/23/2014,vs. Charlotte,,,,,
12/26/2014,at Atlanta,,,,,
12/27/2014,vs. Atlanta,,,,,
12/29/2014,at Charlotte,,,,,
12/31/2014,at Cleveland,,,,,
01/02/2015,vs. Indiana,,,,,
01/04/2015,at New York,,,,,
01/06/2015,vs. Phoenix,,,,,
01/07/2015,at Philadelphia,,,,,
01/09/2015,vs. Minnesota,,,,,
01/10/2015,at Chicago,,,,,
01/15/2015,vs. New York,,,,,
01/19/2015,vs. Toronto,,,,,
01/22/2015,vs. Utah,,,,,
01/24/2015,vs. Detroit,,,,,
01/25/2015,at San Antonio,,,,,
01/27/2015,at Miami,,,,,
01/29/2015,at Orlando,,,,,
01/31/2015,vs. Portland,,,,,
02/02/2015,at Toronto,,,,,
02/04/2015,vs. LA Lakers,,,,,
02/06/2015,at Houston,,,,,
02/07/2015,vs. Boston,,,,,
02/09/2015,vs. Brooklyn,,,,,
02/11/2015,vs. Sacramento,,,,,
02/20/2015,vs. Denver,,,,,
02/22/2015,vs. Atlanta,,,,,
02/23/2015,at Chicago,,,,,
02/25/2015,vs. Philadelphia,,,,,
02/27/2015,at LA Lakers,,,,,
02/28/2015,at Utah,,,,,
03/03/2015,at Denver,,,,,
03/04/2015,at Golden State,,,,,
03/07/2015,vs. Washington,,,,,
03/09/2015,vs. New Orleans,,,,,
03/11/2015,vs. Orlando,,,,,
03/12/2015,at Indiana,,,,,
03/14/2015,at Memphis,,,,,
03/17/2015,at New Orleans,,,,,
03/18/2015,vs. San Antonio,,,,,
03/20/2015,at Brooklyn,,,,,
03/22/2015,vs. Cleveland,,,,,
03/24/2015,vs. Miami,,,,,
03/26/2015,vs. Indiana,,,,,
03/28/2015,vs. Golden State,,,,,
03/30/2015,at Atlanta,,,,,
04/01/2015,vs. Chicago,,,,,
04/03/2015,at Boston,,,,,
04/04/2015,vs. Orlando,,,,,
04/08/2015,vs. Cleveland,,,,,
04/10/2015,at New York,,,,,
04/12/2015,vs. Brooklyn,,,,,
04/13/2015,at Philadelphia,,,,,
04/15/2015,vs. Boston,,,,,
