Game Date,Opponent,Score,SU,Line,ATS,Over/Under
10/29/2014,vs. Milwaukee,108-106,W,-8,L,O 193
11/01/2014,vs. Memphis,69-71,L,-3,L,U 186
11/02/2014,at New York,93-96,L,+3.5,W,O 185.5
11/04/2014,at New Orleans,91-100,L,+4,L,O 190.5
11/05/2014,vs. Miami,96-89,W,-1.5,W,U 190
11/07/2014,vs. Atlanta,122-119,W,-1.5,W,O 194
11/09/2014,at LA Lakers,92-107,L,-3,L,U 203
11/11/2014,at Portland,100-102,L,+6.5,W,O 191.5
11/14/2014,at Phoenix,103-95,W,+7,W,U 199.5
11/15/2014,at Golden State,87-112,L,+10.5,L,U 200.5
11/17/2014,vs. Dallas,80-107,L,+4,L,U 199
11/19/2014,at Indiana,86-88,L,+2,P,U 179.5
11/21/2014,vs. Orlando,100-105,L,-3.5,L,O 191
11/23/2014,at Miami,93-94,L,+1,P,O 185.5
11/24/2014,vs. LA Clippers,92-113,L,+4,L,O 199
11/26/2014,vs. Portland,97-105,L,+5.5,L,O 191.5
11/28/2014,vs. Golden State,101-106,L,+8.5,W,O 201
11/29/2014,at Atlanta,75-105,L,+7,L,U 196.5
12/03/2014,vs. Chicago,95-102,L,+3.5,L,O 191
12/05/2014,vs. New York,103-102,W,-5,L,O 190
12/10/2014,vs. Boston,96-87,W,-3,W,U 205
12/12/2014,at Memphis,107-113,L,+10,W,O 191.5
12/13/2014,vs. Brooklyn,87-114,L,-4,L,O 189.5
12/15/2014,at Cleveland,88-97,L,+10.5,W,U 196.5
12/17/2014,vs. Phoenix,106-111,L,+2.5,L,O 201.5
12/19/2014,at Philadelphia,109-91,W,-4.5,W,O 192
12/20/2014,vs. Utah,104-86,W,-3.5,W,U 194.5
12/22/2014,vs. Denver,110-82,W,-2.5,W,U 200.5
12/23/2014,at Milwaukee,,,,,
12/26/2014,at Oklahoma City,,,,,
12/27/2014,vs. Orlando,,,,,
12/29/2014,vs. Milwaukee,,,,,
12/31/2014,at Houston,,,,,
01/02/2015,vs. Cleveland,,,,,
01/03/2015,at Orlando,,,,,
01/05/2015,at Boston,,,,,
01/07/2015,vs. New Orleans,,,,,
01/08/2015,at Toronto,,,,,
01/10/2015,at New York,,,,,
01/14/2015,vs. San Antonio,,,,,
01/17/2015,vs. Indiana,,,,,
01/19/2015,vs. Minnesota,,,,,
01/21/2015,vs. Miami,,,,,
01/23/2015,at Cleveland,,,,,
01/24/2015,vs. New York,,,,,
01/28/2015,at San Antonio,,,,,
01/31/2015,at Denver,,,,,
02/02/2015,at Washington,,,,,
02/05/2015,vs. Washington,,,,,
02/07/2015,at Philadelphia,,,,,
02/08/2015,vs. Indiana,,,,,
02/10/2015,vs. Detroit,,,,,
02/21/2015,vs. Oklahoma City,,,,,
02/22/2015,at Dallas,,,,,
02/25/2015,at Chicago,,,,,
02/27/2015,at Boston,,,,,
03/01/2015,at Orlando,,,,,
03/03/2015,vs. LA Lakers,,,,,
03/04/2015,at Brooklyn,,,,,
03/06/2015,vs. Toronto,,,,,
03/08/2015,at Detroit,,,,,
03/09/2015,vs. Washington,,,,,
03/11/2015,vs. Sacramento,,,,,
03/13/2015,vs. Chicago,,,,,
03/16/2015,at Utah,,,,,
03/17/2015,at LA Clippers,,,,,
03/20/2015,at Sacramento,,,,,
03/22/2015,at Minnesota,,,,,
03/23/2015,at Chicago,,,,,
03/25/2015,vs. Brooklyn,,,,,
03/27/2015,at Washington,,,,,
03/28/2015,vs. Atlanta,,,,,
03/30/2015,vs. Boston,,,,,
04/01/2015,vs. Detroit,,,,,
04/03/2015,at Indiana,,,,,
04/04/2015,vs. Philadelphia,,,,,
04/07/2015,at Miami,,,,,
04/08/2015,vs. Toronto,,,,,
04/10/2015,at Atlanta,,,,,
04/12/2015,at Detroit,,,,,
04/13/2015,vs. Houston,,,,,
04/15/2015,at Toronto,,,,,
