Game Date,Opponent,Score,SU,Line,ATS,Over/Under
10/29/2014,at Memphis,101-105,L,+7.5,W,O 197.5
10/30/2014,vs. Detroit,97-91,W,-5,W,U 205.5
11/01/2014,vs. Chicago,105-106,L,+2.5,W,O 190.5
11/05/2014,at Brooklyn,98-91,W,+5,W,U 208.5
11/07/2014,at Orlando,103-112,L,-4,L,O 204
11/08/2014,at Miami,92-102,L,+7.5,L,U 205.5
11/12/2014,vs. Houston,101-113,L,+6.5,L,O 205.5
11/14/2014,at New Orleans,91-139,L,+8,L,O 206
11/15/2014,at Dallas,117-131,L,+11.5,L,O 211
11/19/2014,vs. New York,115-99,W,0,W,O 200
11/21/2014,vs. San Antonio,92-121,L,+10.5,L,O 203
11/22/2014,vs. Sacramento,101-113,L,+8.5,L,O 211.5
11/26/2014,vs. Milwaukee,86-103,L,+1.5,L,U 206.5
11/28/2014,at LA Lakers,120-119,W,+5.5,W,O 213
11/30/2014,at Portland,93-107,L,+13,L,U 211.5
12/01/2014,at LA Clippers,101-127,L,+14.5,L,O 216
12/03/2014,vs. Philadelphia,77-85,L,-7,L,U 212
12/05/2014,vs. Houston,112-114,L,+7,W,O 205
12/06/2014,at San Antonio,101-123,L,+14.5,L,O 203
12/08/2014,vs. Golden State,86-102,L,+14.5,L,U 213.5
12/10/2014,vs. Portland,90-82,W,+10,W,U 207
12/12/2014,vs. Oklahoma City,92-111,L,+8.5,L,U 204
12/14/2014,vs. LA Lakers,94-100,L,+4,L,U 212.5
12/16/2014,at Washington,95-109,L,+12,L,O 203
12/19/2014,at Boston,98-114,L,+6.5,L,P 212
12/21/2014,vs. Indiana,96-100,L,+3.5,L,O 195.5
12/23/2014,at Cleveland,,,,,
12/26/2014,at Denver,,,,,
12/27/2014,at Golden State,,,,,
12/30/2014,at Utah,,,,,
01/01/2015,vs. Sacramento,,,,,
01/03/2015,vs. Utah,,,,,
01/05/2015,vs. Denver,,,,,
01/07/2015,vs. Phoenix,,,,,
01/09/2015,at Milwaukee,,,,,
01/10/2015,vs. San Antonio,,,,,
01/13/2015,at Indiana,,,,,
01/16/2015,at Phoenix,,,,,
01/17/2015,at Denver,,,,,
01/19/2015,at Charlotte,,,,,
01/21/2015,vs. Dallas,,,,,
01/23/2015,vs. New Orleans,,,,,
01/25/2015,at Atlanta,,,,,
01/26/2015,at Oklahoma City,,,,,
01/28/2015,vs. Boston,,,,,
01/30/2015,at Philadelphia,,,,,
01/31/2015,vs. Cleveland,,,,,
02/02/2015,at Dallas,,,,,
02/04/2015,vs. Miami,,,,,
02/06/2015,vs. Memphis,,,,,
02/08/2015,at Detroit,,,,,
02/09/2015,vs. Atlanta,,,,,
02/11/2015,vs. Golden State,,,,,
02/20/2015,vs. Phoenix,,,,,
02/23/2015,at Houston,,,,,
02/25/2015,vs. Washington,,,,,
02/27/2015,at Chicago,,,,,
02/28/2015,vs. Memphis,,,,,
03/02/2015,vs. LA Clippers,,,,,
03/04/2015,vs. Denver,,,,,
03/07/2015,vs. Portland,,,,,
03/09/2015,at LA Clippers,,,,,
03/11/2015,at Phoenix,,,,,
03/13/2015,at Oklahoma City,,,,,
03/15/2015,at San Antonio,,,,,
03/16/2015,vs. Brooklyn,,,,,
03/18/2015,at Toronto,,,,,
03/19/2015,at New York,,,,,
03/22/2015,vs. Charlotte,,,,,
03/23/2015,at Utah,,,,,
03/25/2015,vs. LA Lakers,,,,,
03/27/2015,at Houston,,,,,
03/29/2015,at New Orleans,,,,,
03/30/2015,vs. Utah,,,,,
04/01/2015,vs. Toronto,,,,,
04/03/2015,vs. Orlando,,,,,
04/07/2015,at Sacramento,,,,,
04/08/2015,at Portland,,,,,
04/10/2015,at LA Lakers,,,,,
04/11/2015,at Golden State,,,,,
04/13/2015,vs. New Orleans,,,,,
04/15/2015,vs. Oklahoma City,,,,,
