Game Date,Opponent,Score,SU,Line,ATS,Over/Under
10/29/2014,at Denver,79-89,L,+6.5,L,U 206.5
10/30/2014,at Minnesota,91-97,L,+5,L,U 205.5
11/01/2014,vs. Brooklyn,90-102,L,-3,L,U 195
11/05/2014,vs. New York,98-95,W,-4.5,L,O 186
11/07/2014,vs. Milwaukee,98-95,W,-5,L,U 194.5
11/09/2014,vs. Utah,96-97,L,-3.5,L,O 192
11/10/2014,at Chicago,91-102,L,+9.5,L,O 190
11/12/2014,at Washington,103-107,L,+6,W,O 192
11/14/2014,at Oklahoma City,96-89,W,+3,W,U 188.5
11/15/2014,at Memphis,88-95,L,+9.5,W,U 186.5
11/17/2014,vs. Orlando,93-107,L,-4.5,L,O 193
11/19/2014,vs. Phoenix,86-88,L,+2.5,W,U 204
11/21/2014,at Atlanta,89-99,L,+6,L,U 197.5
11/25/2014,at Milwaukee,86-98,L,+3.5,L,U 190
11/26/2014,vs. LA Clippers,98-104,L,+9,W,O 198.5
11/28/2014,vs. Milwaukee,88-104,L,-2,L,O 190.5
11/30/2014,vs. Golden State,93-104,L,+8.5,L,U 202
12/02/2014,vs. LA Lakers,96-106,L,-2,L,U 205.5
12/03/2014,at Boston,102-109,L,+5,L,O 202.5
12/06/2014,vs. Philadelphia,101-108,L,-9.5,L,O 194
12/07/2014,vs. Oklahoma City,94-96,L,+10,W,U 194
12/09/2014,vs. Portland,86-98,L,+8,L,U 197.5
12/12/2014,at Phoenix,105-103,W,+9.5,W,O 203.5
12/13/2014,at Sacramento,95-90,W,+5,W,U 195
12/15/2014,at LA Clippers,91-113,L,+11.5,L,P 204
12/17/2014,vs. Dallas,106-117,L,+7,L,O 205.5
12/19/2014,vs. Toronto,100-110,L,+7.5,L,O 198.5
12/21/2014,at Brooklyn,105-110,L,+2,L,O 189.5
12/26/2014,vs. Indiana,,,,,
12/28/2014,at Cleveland,,,,,
12/30/2014,at Orlando,,,,,
01/02/2015,at New York,,,,,
01/04/2015,vs. Sacramento,,,,,
01/06/2015,at San Antonio,,,,,
01/07/2015,at Dallas,,,,,
01/09/2015,vs. Atlanta,,,,,
01/10/2015,vs. Brooklyn,,,,,
01/12/2015,at Toronto,,,,,
01/14/2015,vs. New Orleans,,,,,
01/16/2015,at Indiana,,,,,
01/17/2015,vs. Philadelphia,,,,,
01/19/2015,at Atlanta,,,,,
01/21/2015,vs. Orlando,,,,,
01/24/2015,at Milwaukee,,,,,
01/25/2015,at Toronto,,,,,
01/27/2015,vs. Cleveland,,,,,
01/28/2015,at Philadelphia,,,,,
01/31/2015,vs. Houston,,,,,
02/03/2015,vs. Miami,,,,,
02/04/2015,at Indiana,,,,,
02/06/2015,vs. Denver,,,,,
02/08/2015,vs. Minnesota,,,,,
02/10/2015,at Charlotte,,,,,
02/11/2015,vs. San Antonio,,,,,
02/20/2015,vs. Chicago,,,,,
02/22/2015,vs. Washington,,,,,
02/24/2015,vs. Cleveland,,,,,
02/27/2015,vs. New York,,,,,
02/28/2015,at Washington,,,,,
03/04/2015,at New Orleans,,,,,
03/06/2015,at Houston,,,,,
03/08/2015,vs. Charlotte,,,,,
03/10/2015,at LA Lakers,,,,,
03/11/2015,at Golden State,,,,,
03/13/2015,at Portland,,,,,
03/14/2015,at Utah,,,,,
03/17/2015,vs. Memphis,,,,,
03/18/2015,at Philadelphia,,,,,
03/21/2015,vs. Chicago,,,,,
03/22/2015,at Boston,,,,,
03/24/2015,vs. Toronto,,,,,
03/27/2015,at Orlando,,,,,
03/29/2015,at Miami,,,,,
03/31/2015,vs. Atlanta,,,,,
04/01/2015,at Charlotte,,,,,
04/03/2015,at Chicago,,,,,
04/04/2015,vs. Miami,,,,,
04/08/2015,vs. Boston,,,,,
04/10/2015,vs. Indiana,,,,,
04/12/2015,vs. Charlotte,,,,,
04/13/2015,at Cleveland,,,,,
04/15/2015,at New York,,,,,
