Game Date,Opponent,Score,SU,Line,ATS,Over/Under
10/29/2014,at Portland,89-106,L,+9,L,U 198
10/30/2014,at LA Clippers,90-93,L,+13,W,U 204.5
11/01/2014,vs. Denver,102-91,W,+4.5,W,U 193.5
11/03/2014,at Brooklyn,85-116,L,+6.5,L,O 193
11/04/2014,at Toronto,88-100,L,+11.5,L,U 193.5
11/07/2014,vs. Memphis,89-91,L,+6.5,W,U 182
11/09/2014,vs. Sacramento,101-93,W,+2,W,O 191
11/11/2014,at Milwaukee,78-85,L,+2,L,U 190.5
11/12/2014,at Boston,109-94,W,+7.5,W,O 196
11/14/2014,vs. Detroit,89-96,L,-3,L,U 188.5
11/16/2014,vs. Houston,65-69,L,+5,W,U 192
11/18/2014,at Utah,81-98,L,+3,L,U 187
11/19/2014,at Denver,100-107,L,+7.5,W,O 199
11/21/2014,vs. Brooklyn,92-94,L,-1.5,L,U 187
11/23/2014,vs. Golden State,86-91,L,+8,W,U 196.5
11/26/2014,vs. Utah,97-82,W,-4.5,W,U 185
11/28/2014,vs. New York,105-78,W,-8.5,W,U 186.5
12/02/2014,at New Orleans,104-112,L,-3,L,O 196
12/05/2014,at Philadelphia,103-91,W,-13.5,L,U 199
12/07/2014,at Detroit,96-94,W,-10,L,U 194
12/09/2014,vs. Milwaukee,114-101,W,-10,W,O 201
12/11/2014,vs. Cleveland,103-94,W,-4.5,W,U 202.5
12/12/2014,at Minnesota,111-92,W,-8.5,W,U 204
12/14/2014,vs. Phoenix,112-88,W,-7.5,W,U 212
12/16/2014,at Sacramento,104-92,W,-8,W,U 207.5
12/18/2014,at Golden State,109-114,L,+2.5,L,O 212
12/19/2014,at LA Lakers,104-103,W,-5.5,L,O 204.5
12/21/2014,vs. New Orleans,99-101,L,-7,L,U 201.5
12/23/2014,vs. Portland,,,,,
12/25/2014,at San Antonio,,,,,
12/26/2014,vs. Charlotte,,,,,
12/28/2014,at Dallas,,,,,
12/31/2014,vs. Phoenix,,,,,
01/02/2015,vs. Washington,,,,,
01/05/2015,at Golden State,,,,,
01/07/2015,at Sacramento,,,,,
01/09/2015,vs. Utah,,,,,
01/15/2015,at Houston,,,,,
01/16/2015,vs. Golden State,,,,,
01/18/2015,at Orlando,,,,,
01/20/2015,at Miami,,,,,
01/21/2015,at Washington,,,,,
01/23/2015,at Atlanta,,,,,
01/25/2015,at Cleveland,,,,,
01/26/2015,vs. Minnesota,,,,,
01/28/2015,at New York,,,,,
01/31/2015,at Memphis,,,,,
02/02/2015,vs. Orlando,,,,,
02/04/2015,at New Orleans,,,,,
02/06/2015,vs. New Orleans,,,,,
02/08/2015,vs. LA Clippers,,,,,
02/09/2015,at Denver,,,,,
02/11/2015,vs. Memphis,,,,,
02/19/2015,vs. Dallas,,,,,
02/21/2015,at Charlotte,,,,,
02/22/2015,vs. Denver,,,,,
02/24/2015,vs. Indiana,,,,,
02/26/2015,at Phoenix,,,,,
02/27/2015,at Portland,,,,,
03/01/2015,at LA Lakers,,,,,
03/04/2015,vs. Philadelphia,,,,,
03/05/2015,at Chicago,,,,,
03/08/2015,vs. Toronto,,,,,
03/11/2015,vs. LA Clippers,,,,,
03/13/2015,vs. Minnesota,,,,,
03/15/2015,vs. Chicago,,,,,
03/16/2015,at Dallas,,,,,
03/18/2015,vs. Boston,,,,,
03/20/2015,vs. Atlanta,,,,,
03/22/2015,vs. Miami,,,,,
03/24/2015,vs. LA Lakers,,,,,
03/25/2015,at San Antonio,,,,,
03/28/2015,at Utah,,,,,
03/29/2015,at Phoenix,,,,,
04/01/2015,vs. Dallas,,,,,
04/03/2015,at Memphis,,,,,
04/05/2015,vs. Houston,,,,,
04/07/2015,vs. San Antonio,,,,,
04/10/2015,vs. Sacramento,,,,,
04/12/2015,at Indiana,,,,,
04/13/2015,vs. Portland,,,,,
04/15/2015,at Minnesota,,,,,
