Game Date,Opponent,Score,SU,Line,ATS,Over/Under
10/29/2014,vs. Detroit,89-79,W,-6.5,W,U 206.5
11/01/2014,at Oklahoma City,91-102,L,-4.5,L,U 193.5
11/03/2014,vs. Sacramento,105-110,L,-6.5,L,O 202
11/05/2014,at Sacramento,109-131,L,+3.5,L,O 204
11/07/2014,vs. Cleveland,101-110,L,+5,L,O 209.5
11/09/2014,at Portland,100-116,L,+9.5,L,O 206
11/12/2014,vs. Portland,113-130,L,-2.5,L,O 208.5
11/14/2014,at Indiana,108-87,W,+2.5,W,U 198
11/16/2014,at New York,93-109,L,+1.5,L,U 203.5
11/17/2014,at Cleveland,106-97,W,+11.5,W,U 218.5
11/19/2014,vs. Oklahoma City,107-100,W,-7.5,L,O 199
11/21/2014,vs. New Orleans,117-97,W,+2.5,W,O 213
11/23/2014,at LA Lakers,101-94,W,-1.5,W,U 221
11/25/2014,vs. Chicago,114-109,W,-4,W,O 204
11/26/2014,at Phoenix,112-120,L,+7.5,L,O 215.5
11/28/2014,vs. Phoenix,122-97,W,-1,W,O 215.5
12/01/2014,at Utah,103-101,W,-2.5,L,U 205
12/02/2014,vs. Portland,103-105,L,+3,W,U 211.5
12/05/2014,at Washington,89-119,L,+4.5,L,P 208
12/07/2014,at Atlanta,84-96,L,+6,L,U 211
12/08/2014,at Toronto,107-112,L,+9.5,W,O 214.5
12/10/2014,vs. Miami,102-82,W,-6,W,U 202.5
12/13/2014,at Houston,96-108,L,+6.5,L,U 205.5
12/14/2014,vs. San Antonio,91-99,L,+4.5,L,U 203
12/17/2014,vs. Houston,111-115,L,+2,L,O 205
12/19/2014,vs. LA Clippers,109-106,W,+3,W,U 215.5
12/20/2014,vs. Indiana,76-73,W,-3,P,U 200
12/22/2014,at Charlotte,82-110,L,+2.5,L,U 200.5
12/23/2014,at Brooklyn,,,,,
12/26/2014,vs. Minnesota,,,,,
12/28/2014,vs. Toronto,,,,,
12/30/2014,vs. LA Lakers,,,,,
01/01/2015,at Chicago,,,,,
01/03/2015,vs. Memphis,,,,,
01/05/2015,at Minnesota,,,,,
01/07/2015,vs. Orlando,,,,,
01/09/2015,at Sacramento,,,,,
01/14/2015,vs. Dallas,,,,,
01/16/2015,at Dallas,,,,,
01/17/2015,vs. Minnesota,,,,,
01/19/2015,at Golden State,,,,,
01/20/2015,vs. San Antonio,,,,,
01/23/2015,vs. Boston,,,,,
01/25/2015,vs. Washington,,,,,
01/26/2015,at LA Clippers,,,,,
01/28/2015,at New Orleans,,,,,
01/29/2015,at Memphis,,,,,
01/31/2015,vs. Charlotte,,,,,
02/03/2015,at Philadelphia,,,,,
02/04/2015,at Boston,,,,,
02/06/2015,at Detroit,,,,,
02/09/2015,vs. Oklahoma City,,,,,
02/10/2015,at LA Lakers,,,,,
02/20/2015,at Milwaukee,,,,,
02/22/2015,at Oklahoma City,,,,,
02/23/2015,vs. Brooklyn,,,,,
02/25/2015,vs. Phoenix,,,,,
02/27/2015,vs. Utah,,,,,
03/01/2015,vs. New Orleans,,,,,
03/03/2015,vs. Milwaukee,,,,,
03/04/2015,at Minnesota,,,,,
03/06/2015,at San Antonio,,,,,
03/07/2015,vs. Houston,,,,,
03/09/2015,vs. New York,,,,,
03/11/2015,vs. Atlanta,,,,,
03/13/2015,vs. Golden State,,,,,
03/15/2015,at New Orleans,,,,,
03/16/2015,at Memphis,,,,,
03/19/2015,at Houston,,,,,
03/20/2015,at Miami,,,,,
03/22/2015,at Orlando,,,,,
03/25/2015,vs. Philadelphia,,,,,
03/27/2015,vs. Utah,,,,,
03/28/2015,at Portland,,,,,
04/01/2015,at Utah,,,,,
04/03/2015,at San Antonio,,,,,
04/04/2015,vs. LA Clippers,,,,,
04/08/2015,vs. LA Lakers,,,,,
04/10/2015,vs. Dallas,,,,,
04/12/2015,vs. Sacramento,,,,,
04/13/2015,at LA Clippers,,,,,
04/15/2015,at Golden State,,,,,
