Game Date,Opponent,Score,SU,Line,ATS,Over/Under
10/30/2014,vs. New York,90-95,L,-13,L,U 204
10/31/2014,at Chicago,114-108,W,+4,W,O 192.5
11/04/2014,at Portland,82-101,L,-2,L,U 206
11/05/2014,at Utah,100-102,L,-5.5,L,U 205
11/07/2014,at Denver,110-101,W,-5,W,O 209.5
11/10/2014,vs. New Orleans,118-111,W,-5.5,W,O 201.5
11/14/2014,at Boston,122-121,W,-6,L,O 209
11/15/2014,vs. Atlanta,127-94,W,-7,W,O 208.5
11/17/2014,vs. Denver,97-106,L,-11.5,L,U 218.5
11/19/2014,vs. San Antonio,90-92,L,-1.5,L,U 200
11/21/2014,at Washington,78-91,L,-1.5,L,U 204.5
11/22/2014,vs. Toronto,93-110,L,-3,L,U 203.5
11/24/2014,vs. Orlando,106-74,W,-10.5,W,U 200
11/26/2014,vs. Washington,113-87,W,-7.5,W,U 201
11/29/2014,vs. Indiana,109-97,W,-9.5,W,O 195
12/02/2014,vs. Milwaukee,111-108,W,-11,L,O 201.5
12/04/2014,at New York,90-87,W,-7.5,L,U 198
12/05/2014,at Toronto,105-91,W,+4.5,W,U 209
12/08/2014,at Brooklyn,110-88,W,-8,W,O 196
12/09/2014,vs. Toronto,105-101,W,-6,L,P 206
12/11/2014,at Oklahoma City,94-103,L,+4.5,L,U 202.5
12/12/2014,at New Orleans,114-119,L,+2.5,L,O 200
12/15/2014,vs. Charlotte,97-88,W,-10.5,L,U 196.5
12/17/2014,vs. Atlanta,98-127,L,-7,L,O 200.5
12/19/2014,vs. Brooklyn,95-91,W,-10.5,L,U 198
12/21/2014,vs. Memphis,105-91,W,-5,W,U 197
12/23/2014,vs. Minnesota,,,,,
12/25/2014,at Miami,,,,,
12/26/2014,at Orlando,,,,,
12/28/2014,vs. Detroit,,,,,
12/30/2014,at Atlanta,,,,,
12/31/2014,vs. Milwaukee,,,,,
01/02/2015,at Charlotte,,,,,
01/04/2015,vs. Dallas,,,,,
01/05/2015,at Philadelphia,,,,,
01/07/2015,vs. Houston,,,,,
01/09/2015,at Golden State,,,,,
01/11/2015,at Sacramento,,,,,
01/13/2015,at Phoenix,,,,,
01/15/2015,at LA Lakers,,,,,
01/16/2015,at LA Clippers,,,,,
01/19/2015,vs. Chicago,,,,,
01/21/2015,vs. Utah,,,,,
01/23/2015,vs. Charlotte,,,,,
01/25/2015,vs. Oklahoma City,,,,,
01/27/2015,at Detroit,,,,,
01/28/2015,vs. Portland,,,,,
01/30/2015,vs. Sacramento,,,,,
01/31/2015,at Minnesota,,,,,
02/02/2015,vs. Philadelphia,,,,,
02/05/2015,vs. LA Clippers,,,,,
02/06/2015,at Indiana,,,,,
02/08/2015,vs. LA Lakers,,,,,
02/11/2015,vs. Miami,,,,,
02/12/2015,at Chicago,,,,,
02/20/2015,at Washington,,,,,
02/22/2015,at New York,,,,,
02/24/2015,at Detroit,,,,,
02/26/2015,vs. Golden State,,,,,
02/27/2015,at Indiana,,,,,
03/01/2015,at Houston,,,,,
03/03/2015,vs. Boston,,,,,
03/04/2015,at Toronto,,,,,
03/06/2015,at Atlanta,,,,,
03/07/2015,vs. Phoenix,,,,,
03/10/2015,at Dallas,,,,,
03/12/2015,at San Antonio,,,,,
03/15/2015,at Orlando,,,,,
03/16/2015,at Miami,,,,,
03/18/2015,vs. Brooklyn,,,,,
03/20/2015,vs. Indiana,,,,,
03/22/2015,at Milwaukee,,,,,
03/25/2015,at Memphis,,,,,
03/27/2015,at Brooklyn,,,,,
03/29/2015,vs. Philadelphia,,,,,
04/02/2015,vs. Miami,,,,,
04/05/2015,vs. Chicago,,,,,
04/08/2015,at Milwaukee,,,,,
04/10/2015,vs. Boston,,,,,
04/12/2015,at Boston,,,,,
04/13/2015,vs. Detroit,,,,,
04/15/2015,vs. Washington,,,,,
