Game Date,Opponent,Score,SU,Line,ATS,Over/Under
10/29/2014,at New York,104-80,W,-4,W,U 185
10/31/2014,vs. Cleveland,108-114,L,-4,L,O 192.5
11/01/2014,at Minnesota,106-105,W,-2.5,L,O 190.5
11/04/2014,vs. Orlando,98-90,W,-11,L,U 191.5
11/05/2014,at Milwaukee,95-86,W,-4.5,W,U 191
11/07/2014,at Philadelphia,118-115,W,-10,L,O 188.5
11/08/2014,vs. Boston,101-106,L,-9.5,L,O 194
11/10/2014,vs. Detroit,102-91,W,-9.5,W,O 190
11/13/2014,at Toronto,100-93,W,+2.5,W,U 196
11/15/2014,vs. Indiana,90-99,L,-9,L,O 181
11/17/2014,at LA Clippers,105-89,W,+5.5,W,U 199
11/20/2014,at Sacramento,88-103,L,+3,L,U 196.5
11/21/2014,at Portland,87-105,L,+8,L,U 195
11/24/2014,at Utah,97-95,W,-3.5,L,P 192
11/25/2014,at Denver,109-114,L,+4,L,O 204
11/28/2014,at Boston,109-102,W,-3.5,W,O 204.5
11/30/2014,at Brooklyn,102-84,W,-2.5,W,U 193
12/02/2014,vs. Dallas,129-132,L,-1.5,L,O 203.5
12/03/2014,at Charlotte,102-95,W,-3.5,W,O 191
12/06/2014,vs. Golden State,102-112,L,+2.5,L,O 204
12/10/2014,vs. Brooklyn,105-80,W,-10.5,W,U 192.5
12/12/2014,vs. Portland,115-106,W,-2.5,W,O 197
12/14/2014,at Miami,93-75,W,-7,W,U 194
12/15/2014,at Atlanta,86-93,L,+2.5,L,U 197
12/18/2014,vs. New York,103-97,W,-13,L,O 188
12/19/2014,at Memphis,103-97,W,+6.5,W,O 191.5
12/22/2014,vs. Toronto,129-120,W,-4,W,O 200
12/23/2014,at Washington,,,,,
12/25/2014,vs. LA Lakers,,,,,
12/27/2014,vs. New Orleans,,,,,
12/29/2014,at Indiana,,,,,
12/30/2014,vs. Brooklyn,,,,,
01/01/2015,vs. Denver,,,,,
01/03/2015,vs. Boston,,,,,
01/05/2015,vs. Houston,,,,,
01/07/2015,vs. Utah,,,,,
01/09/2015,at Washington,,,,,
01/10/2015,vs. Milwaukee,,,,,
01/12/2015,vs. Orlando,,,,,
01/14/2015,vs. Washington,,,,,
01/16/2015,at Boston,,,,,
01/17/2015,vs. Atlanta,,,,,
01/19/2015,at Cleveland,,,,,
01/22/2015,vs. San Antonio,,,,,
01/23/2015,at Dallas,,,,,
01/25/2015,vs. Miami,,,,,
01/27/2015,at Golden State,,,,,
01/29/2015,at LA Lakers,,,,,
01/30/2015,at Phoenix,,,,,
02/04/2015,at Houston,,,,,
02/07/2015,at New Orleans,,,,,
02/08/2015,at Orlando,,,,,
02/10/2015,vs. Sacramento,,,,,
02/12/2015,vs. Cleveland,,,,,
02/20/2015,at Detroit,,,,,
02/21/2015,vs. Phoenix,,,,,
02/23/2015,vs. Milwaukee,,,,,
02/25/2015,vs. Charlotte,,,,,
02/27/2015,vs. Minnesota,,,,,
03/01/2015,vs. LA Clippers,,,,,
03/03/2015,vs. Washington,,,,,
03/05/2015,vs. Oklahoma City,,,,,
03/06/2015,at Indiana,,,,,
03/08/2015,at San Antonio,,,,,
03/09/2015,vs. Memphis,,,,,
03/11/2015,at Philadelphia,,,,,
03/13/2015,at Charlotte,,,,,
03/15/2015,at Oklahoma City,,,,,
03/18/2015,vs. Indiana,,,,,
03/20/2015,vs. Toronto,,,,,
03/21/2015,at Detroit,,,,,
03/23/2015,vs. Charlotte,,,,,
03/25/2015,at Toronto,,,,,
03/28/2015,vs. New York,,,,,
04/01/2015,at Milwaukee,,,,,
04/03/2015,vs. Detroit,,,,,
04/05/2015,at Cleveland,,,,,
04/08/2015,at Orlando,,,,,
04/09/2015,at Miami,,,,,
04/11/2015,vs. Philadelphia,,,,,
04/13/2015,at Brooklyn,,,,,
04/15/2015,vs. Atlanta,,,,,
