Game Date,Opponent,Score,SU,Line,ATS,Over/Under
10/29/2014,vs. Atlanta,109-102,W,-4.5,W,O 200
11/01/2014,at Orlando,108-95,W,-6,W,O 195
11/02/2014,at Miami,102-107,L,+2,L,O 197
11/04/2014,vs. Oklahoma City,100-88,W,-11.5,W,U 193.5
11/05/2014,at Boston,110-107,W,+1.5,W,O 203.5
11/07/2014,vs. Washington,103-84,W,-3.5,W,U 195.5
11/09/2014,vs. Philadelphia,120-88,W,-13.5,W,O 204.5
11/11/2014,vs. Orlando,104-100,W,-10.5,L,O 198
11/13/2014,vs. Chicago,93-100,L,-2.5,L,U 196
11/15/2014,vs. Utah,111-93,W,-11.5,W,O 201
11/19/2014,vs. Memphis,96-92,W,-6,L,U 191.5
11/21/2014,vs. Milwaukee,124-82,W,-9,W,O 199.5
11/22/2014,at Cleveland,110-93,W,+3,W,U 203.5
11/24/2014,vs. Phoenix,104-100,W,-4.5,L,U 210
11/26/2014,at Atlanta,126-115,W,-3.5,W,O 204
11/28/2014,vs. Dallas,102-106,L,-3.5,L,U 210
11/30/2014,at LA Lakers,122-129,L,-7,L,O 209.5
12/02/2014,at Sacramento,117-109,W,+1,W,O 204
12/03/2014,at Utah,123-104,W,-4,W,O 201
12/05/2014,vs. Cleveland,91-105,L,-4.5,L,U 209
12/08/2014,vs. Denver,112-107,W,-9.5,L,O 214.5
12/09/2014,at Cleveland,101-105,L,+6,W,P 206
12/12/2014,vs. Indiana,106-94,W,-9,W,O 198
12/14/2014,at New York,95-90,W,-7,L,U 200.5
12/15/2014,vs. Orlando,95-82,W,-7,W,U 197
12/17/2014,vs. Brooklyn,105-89,W,-12.5,W,U 198
12/19/2014,at Detroit,110-100,W,-7.5,W,O 198.5
12/21/2014,vs. New York,118-108,W,-12.5,L,O 197
12/22/2014,at Chicago,120-129,L,+4,L,O 200
12/27/2014,at LA Clippers,,,,,
12/28/2014,at Denver,,,,,
12/30/2014,at Portland,,,,,
01/02/2015,at Golden State,,,,,
01/04/2015,at Phoenix,,,,,
01/08/2015,vs. Charlotte,,,,,
01/10/2015,vs. Boston,,,,,
01/12/2015,vs. Detroit,,,,,
01/14/2015,vs. Philadelphia,,,,,
01/16/2015,vs. Atlanta,,,,,
01/18/2015,vs. New Orleans,,,,,
01/19/2015,at Milwaukee,,,,,
01/21/2015,at Memphis,,,,,
01/23/2015,at Philadelphia,,,,,
01/25/2015,vs. Detroit,,,,,
01/27/2015,at Indiana,,,,,
01/28/2015,vs. Sacramento,,,,,
01/30/2015,at Brooklyn,,,,,
01/31/2015,at Washington,,,,,
02/02/2015,vs. Milwaukee,,,,,
02/04/2015,vs. Brooklyn,,,,,
02/06/2015,vs. LA Clippers,,,,,
02/08/2015,vs. San Antonio,,,,,
02/11/2015,vs. Washington,,,,,
02/20/2015,at Atlanta,,,,,
02/21/2015,at Houston,,,,,
02/23/2015,at New Orleans,,,,,
02/24/2015,at Dallas,,,,,
02/27/2015,vs. Golden State,,,,,
02/28/2015,at New York,,,,,
03/02/2015,at Philadelphia,,,,,
03/04/2015,vs. Cleveland,,,,,
03/06/2015,at Charlotte,,,,,
03/08/2015,at Oklahoma City,,,,,
03/10/2015,at San Antonio,,,,,
03/13/2015,vs. Miami,,,,,
03/15/2015,vs. Portland,,,,,
03/16/2015,at Indiana,,,,,
03/18/2015,vs. Minnesota,,,,,
03/20/2015,at Chicago,,,,,
03/22/2015,vs. New York,,,,,
03/24/2015,at Detroit,,,,,
03/25/2015,vs. Chicago,,,,,
03/27/2015,vs. LA Lakers,,,,,
03/30/2015,vs. Houston,,,,,
04/01/2015,at Minnesota,,,,,
04/03/2015,at Brooklyn,,,,,
04/04/2015,vs. Boston,,,,,
04/08/2015,at Charlotte,,,,,
04/10/2015,at Orlando,,,,,
04/11/2015,at Miami,,,,,
04/14/2015,at Boston,,,,,
04/15/2015,vs. Charlotte,,,,,
