Game Date,Opponent,Score,SU,Line,ATS,Over/Under
10/29/2014,vs. Brooklyn,121-105,W,-1,W,O 194
11/01/2014,at Houston,90-104,L,+7.5,L,U 209
11/03/2014,at Dallas,113-118,L,+9,W,O 208
11/05/2014,vs. Toronto,107-110,L,-1.5,L,O 203.5
11/07/2014,vs. Indiana,101-98,W,-5.5,L,O 190
11/08/2014,at Chicago,106-101,W,+9.5,W,O 194
11/12/2014,vs. Oklahoma City,94-109,L,-7.5,L,O 196
11/14/2014,vs. Cleveland,121-122,L,+6,W,O 209
11/17/2014,vs. Phoenix,114-118,L,+1.5,L,O 215.5
11/19/2014,at Philadelphia,101-90,W,-6.5,W,U 213.5
11/21/2014,at Memphis,100-117,L,+6,L,O 199.5
11/23/2014,vs. Portland,88-94,L,+5,L,U 209.5
11/28/2014,vs. Chicago,102-109,L,+3.5,L,O 204.5
11/30/2014,vs. San Antonio,89-111,L,+7.5,L,U 204.5
12/02/2014,at Atlanta,105-109,L,+6.5,W,O 211
12/03/2014,vs. Detroit,109-102,W,-5,W,O 202.5
12/05/2014,vs. LA Lakers,113-96,W,-3,W,U 218.5
12/07/2014,vs. Washington,101-93,W,+3.5,W,U 203
12/08/2014,at Washington,132-133,L,+9,W,O 204.5
12/10/2014,at Charlotte,87-96,L,+3,L,U 205
12/12/2014,vs. New York,95-101,L,-7.5,L,U 201
12/15/2014,at Philadelphia,105-87,W,-5,W,U 204.5
12/17/2014,vs. Orlando,109-92,W,-3.5,W,O 200
12/19/2014,vs. Minnesota,114-98,W,-6.5,W,P 212
12/21/2014,at Miami,84-100,L,-3.5,L,U 197.5
12/23/2014,at Orlando,,,,,
12/26/2014,vs. Brooklyn,,,,,
12/27/2014,at Washington,,,,,
12/31/2014,vs. Sacramento,,,,,
01/02/2015,vs. Dallas,,,,,
01/03/2015,at Chicago,,,,,
01/05/2015,vs. Charlotte,,,,,
01/07/2015,at Brooklyn,,,,,
01/09/2015,at Indiana,,,,,
01/10/2015,at Toronto,,,,,
01/12/2015,vs. New Orleans,,,,,
01/14/2015,vs. Atlanta,,,,,
01/16/2015,vs. Chicago,,,,,
01/19/2015,at LA Clippers,,,,,
01/22/2015,at Portland,,,,,
01/23/2015,at Denver,,,,,
01/25/2015,at Golden State,,,,,
01/26/2015,at Utah,,,,,
01/28/2015,at Minnesota,,,,,
01/30/2015,vs. Houston,,,,,
02/01/2015,vs. Miami,,,,,
02/03/2015,at New York,,,,,
02/04/2015,vs. Denver,,,,,
02/06/2015,vs. Philadelphia,,,,,
02/07/2015,at Milwaukee,,,,,
02/11/2015,vs. Atlanta,,,,,
02/20/2015,at Sacramento,,,,,
02/22/2015,at LA Lakers,,,,,
02/23/2015,at Phoenix,,,,,
02/25/2015,vs. New York,,,,,
02/27/2015,vs. Charlotte,,,,,
03/01/2015,vs. Golden State,,,,,
03/03/2015,at Cleveland,,,,,
03/04/2015,vs. Utah,,,,,
03/06/2015,at New Orleans,,,,,
03/08/2015,at Orlando,,,,,
03/09/2015,at Miami,,,,,
03/11/2015,vs. Memphis,,,,,
03/13/2015,vs. Orlando,,,,,
03/14/2015,at Indiana,,,,,
03/16/2015,vs. Philadelphia,,,,,
03/18/2015,at Oklahoma City,,,,,
03/20/2015,at San Antonio,,,,,
03/22/2015,vs. Detroit,,,,,
03/23/2015,at Brooklyn,,,,,
03/25/2015,vs. Miami,,,,,
03/27/2015,at New York,,,,,
03/29/2015,vs. LA Clippers,,,,,
03/30/2015,at Charlotte,,,,,
04/01/2015,vs. Indiana,,,,,
04/03/2015,vs. Milwaukee,,,,,
04/04/2015,at Toronto,,,,,
04/08/2015,at Detroit,,,,,
04/10/2015,at Cleveland,,,,,
04/12/2015,vs. Cleveland,,,,,
04/14/2015,vs. Toronto,,,,,
04/15/2015,at Milwaukee,,,,,
