Game Date,Opponent,Score,SU,Line,ATS,Over/Under
11/02/2005,vs. Sacramento,98-89,W,-7.5,W,U 191.5
11/05/2005,vs. New Orleans,84-91,L,-10.5,L,P 175
11/08/2005,vs. Orlando,74-76,L,-7.5,L,U 174
11/10/2005,at Miami,84-88,L,+5,W,U 175.5
11/12/2005,at Brooklyn,99-91,W,+3.5,W,O 177
11/13/2005,at Boston,82-102,L,0,L,P 184
11/15/2005,at Minnesota,94-89,W,+2.5,W,O 174.5
11/17/2005,at San Antonio,80-86,L,+7.5,W,U 177.5
11/18/2005,vs. Detroit,70-78,L,+4,L,U 179
11/20/2005,at Indiana,74-85,L,0,L,O 0
11/22/2005,at Dallas,93-102,L,+9.5,W,O 178
11/23/2005,vs. Phoenix,88-100,L,0,L,U 189
11/25/2005,at Memphis,81-86,L,+5.5,W,U 173.5
11/26/2005,vs. Chicago,89-94,L,-2,L,O 175.5
11/29/2005,vs. Atlanta,100-85,W,-9,W,O 177
12/03/2005,vs. Memphis,75-90,L,-4,L,U 174
12/06/2005,vs. Boston,91-73,W,-6.5,W,U 187.5
12/08/2005,at Sacramento,106-95,W,+2,W,O 186.5
12/11/2005,at Portland,100-86,W,-7,W,O 175
12/14/2005,at Golden State,111-105,W,+1,W,O 189
12/15/2005,at Oklahoma City,104-98,W,+3,W,O 193
12/17/2005,at LA Clippers,81-89,L,+3,L,U 185.5
12/18/2005,at LA Lakers,76-74,W,+4.5,W,U 185
12/21/2005,vs. Toronto,81-94,L,-7,L,U 187
12/23/2005,at Denver,86-108,L,+8,L,O 185.5
12/27/2005,vs. Utah,74-82,L,-6.5,L,U 170.5
12/28/2005,at New Orleans,90-92,L,+3.5,W,O 171.5
12/31/2005,vs. Golden State,89-94,L,-3,L,U 191.5
01/03/2006,at Washington,123-111,W,+5,W,O 193
01/05/2006,at Cleveland,90-81,W,+6.5,W,U 187
01/06/2006,at Toronto,92-112,L,+1,L,O 191
01/08/2006,vs. Denver,90-92,L,-2.5,L,U 191.5
01/10/2006,at Charlotte,106-111,L,+5,P,O 181
01/11/2006,vs. Sacramento,80-88,L,+3,L,U 185
01/14/2006,vs. New Orleans,80-86,L,-2.5,L,U 176
01/16/2006,at Atlanta,83-94,L,+3,L,U 184
01/18/2006,vs. Dallas,76-103,L,+9,L,P 179
01/20/2006,at Chicago,109-108,W,+4,W,O 184.5
01/22/2006,at Detroit,97-99,L,+12,W,O 179
01/23/2006,at Milwaukee,97-80,W,+4.5,W,U 187.5
01/25/2006,vs. Charlotte,102-78,W,-11,W,U 185
01/27/2006,vs. Minnesota,92-96,L,-5,L,O 171.5
01/29/2006,vs. Miami,95-101,L,+4.5,L,O 185.5
01/30/2006,at Memphis,77-86,L,+6.5,L,U 173.5
02/01/2006,vs. Milwaukee,86-84,W,-6,L,U 186
02/03/2006,vs. Oklahoma City,100-77,W,-4.5,W,U 201
02/05/2006,at New York,93-89,W,-7,L,U 189
02/06/2006,at Philadelphia,87-81,W,+3,W,U 187
02/08/2006,vs. LA Lakers,78-89,L,-6.5,L,U 186.5
02/11/2006,vs. Utah,102-88,W,-6.5,W,O 172.5
02/12/2006,vs. New York,90-83,W,-9,L,U 185
02/14/2006,at LA Clippers,128-97,W,+4,W,O 182
02/16/2006,at Phoenix,75-109,L,+5,L,U 205
02/22/2006,vs. LA Clippers,106-102,W,-5,L,O 182.5
02/24/2006,vs. Golden State,91-88,W,-4.5,L,U 184
02/26/2006,at Orlando,89-84,W,-4,W,U 182
02/27/2006,vs. Phoenix,94-111,L,+1.5,L,O 201.5
03/01/2006,vs. Philadelphia,101-106,L,-5.5,L,O 192.5
03/03/2006,vs. Denver,89-78,W,-3.5,W,U 192
03/05/2006,vs. Portland,102-84,W,-11.5,W,O 182
03/07/2006,at Minnesota,93-87,W,+4,W,P 180
03/08/2006,vs. Indiana,103-99,W,-3,W,O 178.5
03/12/2006,at San Antonio,81-88,L,+11.5,W,U 176
03/13/2006,vs. Brooklyn,77-90,L,+1.5,L,U 174
03/15/2006,vs. Dallas,81-95,L,+3.5,L,P 176
03/18/2006,vs. San Antonio,77-92,L,+5,L,U 171
03/20/2006,vs. LA Clippers,91-99,L,+5.5,L,O 181
03/21/2006,at Dallas,72-88,L,+11.5,L,U 178
03/23/2006,at New Orleans,93-92,W,+5,W,O 177.5
03/26/2006,vs. Cleveland,102-104,L,+5,W,O 176.5
03/29/2006,vs. Oklahoma City,115-87,W,-4.5,W,O 196
03/31/2006,vs. Washington,105-103,W,+1.5,W,O 196.5
04/02/2006,at LA Lakers,88-104,L,+6,L,O 187
04/04/2006,at Oklahoma City,87-104,L,+5,L,U 201
04/05/2006,at Portland,75-76,L,-4,L,U 181
04/07/2006,at Golden State,100-93,W,+3,W,O 188.5
04/09/2006,at Sacramento,77-86,L,+9,P,U 188
04/10/2006,at Utah,83-85,L,+9.5,W,U 184
04/12/2006,vs. Minnesota,79-82,L,-6.5,L,U 170
04/15/2006,vs. Memphis,81-93,L,+6.5,L,O 169
04/17/2006,at Denver,86-83,W,+9.5,W,U 188
04/19/2006,vs. San Antonio,87-89,L,+4,W,O 175.5
