Game Date,Opponent,Score,SU,Line,ATS,Over/Under
10/29/2014,at Boston,105-121,L,+1,L,O 194
11/01/2014,at Detroit,102-90,W,+3,W,U 195
11/03/2014,vs. Oklahoma City,116-85,W,-6.5,W,O 193
11/05/2014,vs. Minnesota,91-98,L,-5,L,U 208.5
11/07/2014,vs. New York,110-99,W,-6,W,O 192
11/09/2014,vs. Orlando,104-96,W,-9,L,O 198
11/12/2014,at Phoenix,104-112,L,+4.5,L,O 207.5
11/13/2014,at Golden State,99-107,L,+10.5,W,U 209.5
11/15/2014,at Portland,87-97,L,+2.5,L,U 204.5
11/17/2014,vs. Miami,83-95,L,-7,L,U 195.5
11/19/2014,vs. Milwaukee,118-122,L,-6.5,L,O 198.5
11/21/2014,at Oklahoma City,94-92,W,+1.5,W,U 187
11/22/2014,at San Antonio,87-99,L,+10.5,L,U 194
11/26/2014,at Philadelphia,99-91,W,-7,W,U 199.5
11/30/2014,vs. Chicago,84-102,L,+2.5,L,U 193
12/02/2014,at New York,98-93,W,-1,W,U 193.5
12/03/2014,vs. San Antonio,95-93,W,+8,W,U 197.5
12/05/2014,vs. Atlanta,75-98,L,+1.5,L,U 201
12/08/2014,vs. Cleveland,88-110,L,+8,L,O 196
12/10/2014,at Chicago,80-105,L,+10.5,L,U 192.5
12/12/2014,vs. Philadelphia,88-70,W,-7,W,U 194.5
12/13/2014,at Charlotte,114-87,W,+4,W,O 189.5
12/16/2014,vs. Miami,91-95,L,-6,L,U 186.5
12/17/2014,at Toronto,89-105,L,+12.5,L,U 198
12/19/2014,at Cleveland,91-95,L,+10.5,W,U 198
12/21/2014,vs. Detroit,110-105,W,-2,W,O 189.5
12/23/2014,vs. Denver,,,,,
12/26/2014,at Boston,,,,,
12/27/2014,vs. Indiana,,,,,
12/29/2014,vs. Sacramento,,,,,
12/30/2014,at Chicago,,,,,
01/02/2015,at Orlando,,,,,
01/04/2015,at Miami,,,,,
01/05/2015,vs. Dallas,,,,,
01/07/2015,vs. Boston,,,,,
01/09/2015,vs. Philadelphia,,,,,
01/10/2015,at Detroit,,,,,
01/12/2015,vs. Houston,,,,,
01/14/2015,vs. Memphis,,,,,
01/16/2015,at Washington,,,,,
01/17/2015,vs. Washington,,,,,
01/21/2015,at Sacramento,,,,,
01/22/2015,at LA Clippers,,,,,
01/24/2015,at Utah,,,,,
01/26/2015,vs. Portland,,,,,
01/28/2015,at Atlanta,,,,,
01/30/2015,vs. Toronto,,,,,
02/02/2015,vs. LA Clippers,,,,,
02/04/2015,at Toronto,,,,,
02/06/2015,vs. New York,,,,,
02/07/2015,at Washington,,,,,
02/09/2015,at Milwaukee,,,,,
02/10/2015,at Memphis,,,,,
02/20/2015,at LA Lakers,,,,,
02/23/2015,at Denver,,,,,
02/25/2015,at New Orleans,,,,,
02/27/2015,at Houston,,,,,
02/28/2015,at Dallas,,,,,
03/02/2015,vs. Golden State,,,,,
03/04/2015,vs. Charlotte,,,,,
03/06/2015,vs. Phoenix,,,,,
03/08/2015,vs. Utah,,,,,
03/10/2015,vs. New Orleans,,,,,
03/11/2015,at Miami,,,,,
03/14/2015,at Philadelphia,,,,,
03/16/2015,at Minnesota,,,,,
03/18/2015,at Cleveland,,,,,
03/20/2015,vs. Milwaukee,,,,,
03/21/2015,at Indiana,,,,,
03/23/2015,vs. Boston,,,,,
03/25/2015,at Charlotte,,,,,
03/27/2015,vs. Cleveland,,,,,
03/29/2015,vs. LA Lakers,,,,,
03/31/2015,vs. Indiana,,,,,
04/01/2015,at New York,,,,,
04/03/2015,vs. Toronto,,,,,
04/04/2015,at Atlanta,,,,,
04/08/2015,vs. Atlanta,,,,,
04/10/2015,vs. Washington,,,,,
04/12/2015,at Milwaukee,,,,,
04/13/2015,vs. Chicago,,,,,
04/15/2015,vs. Orlando,,,,,
