Game Date,Opponent,Score,SU,Line,ATS,Over/Under
10/29/2014,vs. Minnesota,105-101,W,-7.5,L,O 197.5
10/31/2014,at Indiana,97-89,W,-6,W,O 185.5
11/01/2014,at Charlotte,71-69,W,+3,W,U 186
11/03/2014,vs. New Orleans,93-81,W,-4,W,U 186.5
11/05/2014,at Phoenix,102-91,W,+1.5,W,O 192.5
11/07/2014,at Oklahoma City,91-89,W,-6.5,L,U 182
11/08/2014,at Milwaukee,92-93,L,-4.5,L,U 187.5
11/11/2014,vs. LA Lakers,107-102,W,-10,L,O 197.5
11/13/2014,vs. Sacramento,111-110,W,-5,L,O 189
11/15/2014,vs. Detroit,95-88,W,-9.5,L,U 186.5
11/17/2014,vs. Houston,119-93,W,-4.5,W,O 187.5
11/19/2014,at Toronto,92-96,L,+6,W,U 191.5
11/21/2014,vs. Boston,117-100,W,-6,W,O 199.5
11/23/2014,vs. LA Clippers,107-91,W,-2.5,W,P 198
11/26/2014,at LA Lakers,99-93,W,-6.5,L,U 202.5
11/28/2014,at Portland,112-99,W,+4,W,O 193
11/30/2014,at Sacramento,97-85,W,-5,W,U 193
12/03/2014,at Houston,96-105,L,-5,L,O 189.5
12/05/2014,vs. San Antonio,101-107,L,0,L,O 191.5
12/07/2014,vs. Miami,103-87,W,-8,W,U 192
12/09/2014,vs. Dallas,114-105,W,-2.5,W,O 203.5
12/12/2014,vs. Charlotte,113-107,W,-10,L,O 191.5
12/13/2014,at Philadelphia,120-115,W,-10,L,O 191.5
12/16/2014,vs. Golden State,105-98,W,-3.5,W,U 203.5
12/17/2014,at San Antonio,117-116,W,+2.5,W,O 190.5
12/19/2014,vs. Chicago,97-103,L,-6.5,L,O 191.5
12/21/2014,at Cleveland,91-105,L,+5,L,U 197
12/22/2014,vs. Utah,91-97,L,-8,L,U 193
12/26/2014,vs. Houston,,,,,
12/27/2014,at Miami,,,,,
12/30/2014,vs. San Antonio,,,,,
01/02/2015,at LA Lakers,,,,,
01/03/2015,at Denver,,,,,
01/05/2015,vs. New York,,,,,
01/07/2015,at Atlanta,,,,,
01/09/2015,at New Orleans,,,,,
01/11/2015,vs. Phoenix,,,,,
01/14/2015,at Brooklyn,,,,,
01/16/2015,at Orlando,,,,,
01/17/2015,vs. Portland,,,,,
01/19/2015,vs. Dallas,,,,,
01/21/2015,vs. Toronto,,,,,
01/24/2015,vs. Philadelphia,,,,,
01/26/2015,vs. Orlando,,,,,
01/27/2015,at Dallas,,,,,
01/29/2015,vs. Denver,,,,,
01/31/2015,vs. Oklahoma City,,,,,
02/02/2015,at Phoenix,,,,,
02/04/2015,at Utah,,,,,
02/06/2015,at Minnesota,,,,,
02/08/2015,vs. Atlanta,,,,,
02/10/2015,vs. Brooklyn,,,,,
02/11/2015,at Oklahoma City,,,,,
02/22/2015,at Portland,,,,,
02/23/2015,at LA Clippers,,,,,
02/25/2015,at Sacramento,,,,,
02/27/2015,vs. LA Clippers,,,,,
02/28/2015,at Minnesota,,,,,
03/03/2015,vs. Utah,,,,,
03/04/2015,at Houston,,,,,
03/06/2015,vs. LA Lakers,,,,,
03/07/2015,at New Orleans,,,,,
03/09/2015,at Chicago,,,,,
03/11/2015,at Boston,,,,,
03/12/2015,at Washington,,,,,
03/14/2015,vs. Milwaukee,,,,,
03/16/2015,vs. Denver,,,,,
03/17/2015,at Detroit,,,,,
03/20/2015,at Dallas,,,,,
03/21/2015,vs. Portland,,,,,
03/23/2015,at New York,,,,,
03/25/2015,vs. Cleveland,,,,,
03/27/2015,vs. Golden State,,,,,
03/29/2015,at San Antonio,,,,,
03/30/2015,vs. Sacramento,,,,,
04/03/2015,vs. Oklahoma City,,,,,
04/04/2015,vs. Washington,,,,,
04/08/2015,vs. New Orleans,,,,,
04/10/2015,at Utah,,,,,
04/11/2015,at LA Clippers,,,,,
04/13/2015,at Golden State,,,,,
04/15/2015,vs. Indiana,,,,,
