Game Date,Opponent,Score,SU,Line,ATS,Over/Under
10/29/2014,vs. Houston,93-104,L,+3,L,U 202
10/30/2014,at Dallas,102-120,L,+10.5,L,O 202
11/01/2014,vs. Phoenix,118-91,W,+2,W,O 203.5
11/03/2014,at LA Clippers,101-107,L,+8.5,W,O 204.5
11/05/2014,vs. Cleveland,102-100,W,+5.5,W,U 205
11/07/2014,vs. Dallas,82-105,L,+2.5,L,U 206
11/09/2014,at Detroit,97-96,W,+3.5,W,O 192
11/10/2014,at Indiana,86-97,L,+2.5,L,U 187.5
11/12/2014,at Atlanta,97-100,L,+7,W,U 197.5
11/14/2014,at New York,102-100,W,+3.5,W,O 191.5
11/15/2014,at Toronto,93-111,L,+11.5,L,O 201
11/18/2014,vs. Oklahoma City,98-81,W,-3,W,U 187
11/21/2014,at Golden State,88-101,L,+12.5,L,U 207
11/22/2014,vs. New Orleans,94-106,L,+2.5,L,O 199
11/24/2014,vs. Chicago,95-97,L,+3.5,W,P 192
11/26/2014,at Oklahoma City,82-97,L,+4.5,L,U 185
11/29/2014,vs. LA Clippers,96-112,L,+5,L,O 203.5
12/01/2014,vs. Denver,101-103,L,+2.5,W,U 205
12/03/2014,vs. Toronto,104-123,L,+4,L,O 201
12/05/2014,vs. Orlando,93-98,L,-5.5,L,U 191.5
12/08/2014,at Sacramento,92-101,L,+5.5,L,U 197.5
12/09/2014,vs. San Antonio,100-96,W,+9,W,O 194
12/12/2014,vs. Miami,95-100,L,-3,L,O 189
12/14/2014,at Washington,84-93,L,+11.5,W,U 193
12/16/2014,at New Orleans,111-119,L,+10,W,O 197
12/17/2014,at Miami,105-87,W,+3,W,O 189.5
12/19/2014,at Orlando,101-94,W,+4,W,O 193
12/20/2014,at Charlotte,86-104,L,+3.5,L,U 194.5
12/22/2014,at Memphis,97-91,W,+8,W,U 193
12/27/2014,vs. Philadelphia,,,,,
12/29/2014,at LA Clippers,,,,,
12/30/2014,vs. Minnesota,,,,,
01/02/2015,vs. Atlanta,,,,,
01/03/2015,at Minnesota,,,,,
01/05/2015,vs. Indiana,,,,,
01/07/2015,at Chicago,,,,,
01/09/2015,at Oklahoma City,,,,,
01/10/2015,at Houston,,,,,
01/13/2015,vs. Golden State,,,,,
01/16/2015,vs. LA Lakers,,,,,
01/18/2015,at San Antonio,,,,,
01/21/2015,at Cleveland,,,,,
01/22/2015,at Milwaukee,,,,,
01/24/2015,vs. Brooklyn,,,,,
01/26/2015,vs. Boston,,,,,
01/28/2015,vs. LA Clippers,,,,,
01/30/2015,vs. Golden State,,,,,
02/03/2015,at Portland,,,,,
02/04/2015,vs. Memphis,,,,,
02/06/2015,at Phoenix,,,,,
02/07/2015,vs. Sacramento,,,,,
02/09/2015,at New Orleans,,,,,
02/11/2015,at Dallas,,,,,
02/20/2015,vs. Portland,,,,,
02/23/2015,vs. San Antonio,,,,,
02/25/2015,vs. LA Lakers,,,,,
02/27/2015,at Denver,,,,,
02/28/2015,vs. Milwaukee,,,,,
03/03/2015,at Memphis,,,,,
03/04/2015,at Boston,,,,,
03/06/2015,at Philadelphia,,,,,
03/08/2015,at Brooklyn,,,,,
03/10/2015,vs. New York,,,,,
03/12/2015,vs. Houston,,,,,
03/14/2015,vs. Detroit,,,,,
03/16/2015,vs. Charlotte,,,,,
03/18/2015,vs. Washington,,,,,
03/19/2015,at LA Lakers,,,,,
03/21/2015,at Golden State,,,,,
03/23/2015,vs. Minnesota,,,,,
03/25/2015,vs. Portland,,,,,
03/27/2015,at Denver,,,,,
03/28/2015,vs. Oklahoma City,,,,,
03/30/2015,at Minnesota,,,,,
04/01/2015,vs. Denver,,,,,
04/04/2015,at Phoenix,,,,,
04/05/2015,at Sacramento,,,,,
04/08/2015,vs. Sacramento,,,,,
04/10/2015,vs. Memphis,,,,,
04/11/2015,at Portland,,,,,
04/13/2015,vs. Dallas,,,,,
04/15/2015,at Houston,,,,,
