Game Date,Opponent,Score,SU,Line,ATS,Over/Under
12/26/2011,at San Antonio,82-95,L,+5,L,U 193.5
12/28/2011,vs. Oklahoma City,95-98,L,0,L,P 193
12/30/2011,vs. Houston,113-93,W,-6.5,W,O 195.5
01/01/2012,at Chicago,64-104,L,+7,L,U 188
01/03/2012,vs. Sacramento,113-96,W,-6.5,W,O 189.5
01/04/2012,at Minnesota,90-86,W,+4.5,W,U 197.5
01/06/2012,at Utah,85-94,L,-1,L,U 185
01/08/2012,at LA Lakers,82-90,L,+7.5,L,U 183
01/10/2012,vs. Oklahoma City,95-100,L,+2.5,L,O 193
01/12/2012,vs. New York,94-83,W,-4.5,W,U 194.5
01/14/2012,vs. New Orleans,108-99,W,-11,L,O 175
01/16/2012,vs. Chicago,102-86,W,+4,W,O 175.5
01/18/2012,at New Orleans,93-87,W,-4,W,O 176.5
01/20/2012,at Detroit,98-81,W,-5,W,U 180.5
01/21/2012,vs. Sacramento,128-95,W,-9,W,O 190
01/23/2012,at Golden State,91-90,W,+2.5,W,U 194.5
01/24/2012,at Portland,84-97,L,+6,L,U 187
01/26/2012,at LA Clippers,91-98,L,+3.5,L,U 192.5
01/28/2012,at Phoenix,84-86,L,-4,L,U 189.5
01/30/2012,vs. San Antonio,73-83,L,-6,L,U 189.5
01/31/2012,vs. Denver,100-97,W,+1.5,W,U 200.5
02/02/2012,at Atlanta,96-77,W,+4,W,U 183.5
02/03/2012,at Oklahoma City,94-101,L,+8.5,W,O 193
02/05/2012,at Boston,80-98,L,+4.5,L,O 176.5
02/06/2012,vs. San Antonio,84-89,L,-1,L,U 185
02/08/2012,vs. Minnesota,85-80,W,-8,L,U 189.5
02/10/2012,vs. Indiana,98-92,W,-1.5,W,O 183
02/12/2012,vs. Utah,88-98,L,-6.5,L,U 189
02/14/2012,vs. Houston,93-83,W,-3,W,U 187.5
02/15/2012,at Brooklyn,105-100,W,-3,W,O 185.5
02/17/2012,vs. Denver,103-102,W,-4,L,O 196
02/18/2012,vs. Golden State,104-103,W,-5.5,L,O 195
02/20/2012,at Houston,93-97,L,+3,L,O 187
02/21/2012,vs. Philadelphia,89-76,W,+1,W,U 181
02/29/2012,vs. Dallas,96-85,W,-2,W,U 182.5
03/02/2012,at Toronto,102-99,W,-4,L,O 183
03/03/2012,vs. Detroit,100-83,W,-7.5,W,U 187.5
03/07/2012,at Golden State,110-92,W,0,W,O 193
03/10/2012,at Phoenix,91-98,L,-1.5,L,U 192.5
03/11/2012,at Denver,94-91,W,+6,W,U 199.5
03/13/2012,vs. LA Lakers,111-116,L,-1.5,L,O 183
03/16/2012,vs. Toronto,110-114,L,-10,L,O 187
03/18/2012,vs. Washington,97-92,W,-12.5,L,U 199.5
03/20/2012,at Sacramento,110-119,L,-3,L,O 204
03/22/2012,at Portland,93-97,L,-1,L,U 194.5
03/24/2012,at LA Clippers,85-101,L,+2,L,U 187.5
03/25/2012,at LA Lakers,102-96,W,+6.5,W,O 193
03/27/2012,vs. Minnesota,93-86,W,-4.5,W,U 200.5
03/30/2012,at Houston,89-98,L,+2,L,U 190.5
03/31/2012,at Milwaukee,99-95,W,+2.5,W,U 203
04/02/2012,at Oklahoma City,94-88,W,+7.5,W,U 196
04/03/2012,vs. Golden State,98-94,W,-7.5,L,U 195
04/04/2012,at Dallas,85-95,L,+6,L,U 184.5
04/06/2012,at Miami,97-82,W,+7.5,W,U 189
04/07/2012,vs. Dallas,94-89,W,-4,W,U 183.5
04/09/2012,vs. LA Clippers,94-85,W,-4.5,W,U 186.5
04/11/2012,vs. Phoenix,104-93,W,-5.5,W,O 194
04/12/2012,at San Antonio,97-107,L,+6,L,O 196.5
04/14/2012,vs. Utah,103-98,W,-9,L,O 191
04/15/2012,at New Orleans,75-88,L,-5,L,U 182
04/17/2012,at Minnesota,91-84,W,-8.5,L,U 192.5
04/18/2012,vs. New Orleans,103-91,W,-9.5,W,O 180
04/20/2012,at Charlotte,85-80,W,-14,L,U 182.5
04/21/2012,vs. Portland,93-89,W,-12,L,U 191.5
04/23/2012,vs. Cleveland,109-101,W,-12.5,L,O 190.5
04/26/2012,vs. Orlando,88-76,W,-14.5,L,U 186
